,Name,Wins,Loses,Draws,SLpM,Str. Acc.,SApM,Str. Def,TD Avg.,TD Acc.,TD Def.,Sub. Avg.
0,Alex Oliveira,21.0,8.0,1.0,2.89,0.5,2.16,0.48,2.47,0.37,0.61,0.6
1,Danielle Taylor,9.0,4.0,0.0,2.75,0.29,3.31,0.71,0.2,0.2,0.7,0.2
2,Matthew Riddle,8.0,3.0,0.0,3.01,0.42,2.74,0.54,3.51,0.5,0.89,0.5
3,Jeff Curran,36.0,18.0,1.0,1.54,0.31,2.48,0.6,0.35,0.12,0.35,1.2
4,Glover Teixeira,31.0,7.0,0.0,3.74,0.47,3.87,0.55,1.87,0.38,0.6,0.9
5,Fabricio Werdum,24.0,9.0,1.0,3.59,0.52,2.64,0.55,1.75,0.31,0.31,1.2
6,Paddy Holohan,12.0,2.0,1.0,2.13,0.46,2.81,0.46,2.88,0.47,0.71,1.3
7,James Irvin,17.0,10.0,0.0,2.03,0.48,3.86,0.35,0.0,0.0,0.36,0.5
8,Paul Daley,39.0,15.0,2.0,3.14,0.47,2.37,0.6,0.91,0.4,0.64,0.0
9,Ryan Couture,11.0,5.0,0.0,3.54,0.45,2.87,0.54,1.55,0.29,0.46,1.3
10,Rameau Thierry Sokoudjou,18.0,18.0,0.0,2.26,0.45,2.61,0.56,1.93,0.47,0.78,0.9
11,Bethe Correia,11.0,5.0,1.0,4.39,0.44,4.56,0.58,0.44,0.2,0.84,0.0
12,Heath Herring,28.0,16.0,0.0,2.37,0.5,1.77,0.54,1.22,0.5,0.32,0.7
13,Ivan Salaverry,14.0,9.0,0.0,3.01,0.47,1.19,0.76,0.49,0.18,0.36,2.5
14,Matt Hamill,12.0,8.0,0.0,3.69,0.42,3.8,0.61,3.0,0.34,0.91,0.0
15,Austin Hubbard,12.0,5.0,0.0,3.45,0.48,2.58,0.58,0.76,0.6,0.53,0.0
16,Nathaniel Wood,17.0,4.0,0.0,5.52,0.48,3.3,0.55,1.65,0.6,0.83,1.1
17,Remco Pardoel,9.0,6.0,1.0,0.0,0.0,0.0,0.0,0.0,0.0,0.0,0.0
18,Hannah Cifers,10.0,7.0,0.0,4.99,0.44,5.39,0.52,0.26,1.0,0.64,0.3
19,John Howard,24.0,13.0,0.0,2.15,0.5,3.08,0.51,2.7,0.49,0.53,0.4
20,Montana De La Rosa,11.0,5.0,0.0,2.3,0.33,2.8,0.49,2.22,0.33,0.5,1.9
21,Aleksei Oleinik,59.0,14.0,1.0,3.5,0.5,3.52,0.44,2.43,0.48,0.33,2.4
22,Max Griffin,15.0,8.0,0.0,3.87,0.49,3.93,0.55,1.9,0.55,0.66,0.5
23,Vitor Miranda,12.0,5.0,0.0,2.98,0.45,2.95,0.58,0.95,0.55,0.5,0.2
24,Mark Hominick,20.0,12.0,0.0,4.08,0.42,4.18,0.69,0.25,0.66,0.71,0.9
25,Kalib Starnes,17.0,11.0,1.0,2.71,0.48,4.43,0.53,1.46,0.33,0.25,0.6
26,Darren Elkins,25.0,9.0,0.0,3.54,0.37,3.09,0.52,2.43,0.33,0.58,1.2
27,Roland Delorme,9.0,5.0,0.0,2.28,0.44,4.32,0.4,2.51,0.34,0.42,1.6
28,Joey Beltran,17.0,14.0,0.0,4.92,0.36,5.27,0.54,0.48,0.18,0.75,0.0
29,Guido Cannetti,8.0,6.0,0.0,2.85,0.51,2.17,0.5,2.64,0.5,0.75,0.3
30,Luis Henrique,10.0,5.0,0.0,1.81,0.43,2.22,0.47,3.09,0.36,0.5,1.0
31,John Dodson,22.0,12.0,0.0,3.2,0.4,3.58,0.61,0.71,0.28,0.82,0.0
32,Eddie Wineland,24.0,14.0,1.0,3.39,0.29,3.54,0.69,0.28,0.28,0.86,0.1
33,Shawn Jordan,19.0,8.0,0.0,2.87,0.5,3.3,0.47,1.97,0.38,0.76,0.1
34,Anthony Smith,33.0,16.0,0.0,2.97,0.46,4.43,0.42,0.41,0.25,0.51,0.7
35,Jess Liaudin,20.0,11.0,0.0,2.46,0.51,2.76,0.41,3.28,0.53,0.3,1.6
36,Volkan Oezdemir,17.0,5.0,0.0,5.03,0.45,4.24,0.55,0.36,0.2,0.8,0.0
37,Nate Quarry,12.0,4.0,0.0,4.96,0.44,2.8,0.66,0.25,0.33,0.6,0.0
38,Jeff Monson,60.0,26.0,1.0,0.97,0.3,2.87,0.59,1.06,0.12,0.66,0.7
39,Dokonjonosuke Mishima,21.0,7.0,2.0,1.06,0.41,1.22,0.52,2.47,0.4,0.25,1.4
40,Justin Gaethje,22.0,2.0,0.0,7.74,0.59,8.37,0.54,0.0,0.0,0.8,0.0
41,Cyrille Diabate,19.0,10.0,1.0,4.06,0.71,1.78,0.6,1.17,0.83,0.53,0.2
42,Hatsu Hioki,29.0,10.0,2.0,2.42,0.42,2.12,0.65,2.55,0.56,0.54,0.6
43,Tai Tuivasa,10.0,3.0,0.0,4.09,0.48,3.54,0.51,0.0,0.0,0.42,0.0
44,Cain Velasquez,14.0,3.0,0.0,6.37,0.57,2.33,0.57,5.13,0.45,0.85,0.4
45,Johnny Case,22.0,6.0,0.0,3.95,0.38,2.66,0.61,1.7,0.45,0.72,0.2
46,Alexander Otsuka,5.0,13.0,0.0,0.9,0.55,1.16,0.51,1.51,0.43,0.53,0.8
47,Dustin Kimura,11.0,3.0,0.0,1.33,0.21,3.82,0.51,0.93,0.37,0.5,2.2
48,Sam Sicilia,15.0,8.0,0.0,2.46,0.33,3.55,0.59,1.45,0.43,0.7,0.9
49,George Sotiropoulos,14.0,7.0,0.0,2.61,0.27,2.52,0.67,2.32,0.31,0.53,1.6
50,Benson Henderson,24.0,7.0,0.0,2.93,0.45,1.79,0.63,2.4,0.45,0.63,0.8
51,Carla Esparza,18.0,6.0,0.0,2.29,0.42,2.85,0.53,3.44,0.35,0.48,0.3
52,Michael Johnson,20.0,16.0,0.0,4.23,0.38,3.85,0.58,0.51,0.45,0.79,0.1
53,Luke Cummo,6.0,6.0,0.0,1.74,0.43,1.5,0.59,0.89,0.55,0.42,1.4
54,Jon Jones,26.0,1.0,0.0,4.3,0.57,2.22,0.64,1.85,0.44,0.95,0.4
55,Belal Muhammad,17.0,3.0,0.0,4.48,0.42,3.97,0.59,2.13,0.3,0.83,0.2
56,Abdul Razak Alhassan,10.0,2.0,0.0,4.54,0.48,5.05,0.53,0.73,0.28,0.42,0.0
57,Aljamain Sterling,19.0,3.0,0.0,4.82,0.5,1.94,0.66,1.89,0.29,0.51,1.0
58,Dominick Reyes,12.0,1.0,0.0,4.88,0.49,3.0,0.48,0.24,0.16,0.82,0.2
59,Vagner Rocha,14.0,4.0,0.0,2.64,0.42,4.5,0.48,1.4,0.33,0.5,1.9
60,Josh Thomson,22.0,9.0,0.0,2.59,0.47,2.12,0.64,1.92,0.39,0.54,1.3
61,Michelle Waterson,17.0,8.0,0.0,3.31,0.52,3.79,0.48,1.68,0.5,0.67,1.1
62,Nasrat Haqparast,12.0,3.0,0.0,5.63,0.47,3.18,0.74,0.22,0.25,0.81,0.0
63,Henry Cejudo,16.0,2.0,0.0,3.92,0.45,2.77,0.65,2.12,0.33,0.93,0.2
64,Yoshihiro Akiyama,14.0,6.0,0.0,3.1,0.41,3.62,0.57,2.29,0.67,0.92,1.0
65,Ryan Jimmo,19.0,5.0,0.0,3.12,0.66,2.77,0.46,0.45,0.28,0.87,0.0
66,Stipe Miocic,20.0,3.0,0.0,4.9,0.52,3.75,0.55,1.92,0.34,0.7,0.0
67,Rob Kimmons,25.0,9.0,0.0,1.86,0.48,4.79,0.38,2.08,0.46,0.25,2.4
68,Mario Sperry,13.0,4.0,0.0,2.81,0.52,1.53,0.47,2.09,0.42,0.71,1.4
69,Ray Borg,13.0,5.0,0.0,1.52,0.52,1.93,0.48,3.89,0.5,0.46,1.0
70,Bobby Southworth,10.0,6.0,0.0,0.99,0.39,1.38,0.65,3.98,0.78,0.64,1.3
71,Kai Kara-France,21.0,8.0,0.0,5.27,0.38,3.79,0.67,0.6,0.25,0.9,0.0
72,Pete Williams,12.0,6.0,0.0,0.61,0.62,2.77,0.4,1.84,0.4,0.16,0.9
73,Phil Harris,22.0,12.0,0.0,2.34,0.26,3.16,0.68,1.76,0.21,0.6,0.0
74,Alexander Volkov,31.0,8.0,0.0,4.65,0.58,2.53,0.54,0.72,0.7,0.65,0.2
75,Diego Brandao,22.0,11.0,0.0,2.94,0.47,3.38,0.62,3.21,0.68,0.8,0.6
76,Daniel Pineda,27.0,13.0,0.0,3.45,0.49,2.28,0.48,1.47,0.27,0.45,1.7
77,Kevin Randleman,17.0,16.0,0.0,1.26,0.54,1.12,0.57,2.0,0.56,0.3,0.8
78,David Heath,18.0,7.0,0.0,1.48,0.3,5.16,0.49,0.33,0.5,0.57,1.0
79,Soa Palelei,22.0,5.0,0.0,2.47,0.57,2.68,0.48,2.2,0.47,0.66,0.0
80,Gerald Harris,23.0,5.0,0.0,1.41,0.29,1.58,0.62,2.96,0.54,0.72,0.0
81,Mike Russow,15.0,3.0,0.0,1.55,0.47,2.9,0.59,4.66,0.43,0.0,0.7
82,Damian Stasiak,10.0,6.0,0.0,1.86,0.36,3.1,0.52,2.64,0.35,0.43,0.6
83,Jimmie Rivera,23.0,4.0,0.0,3.99,0.41,3.61,0.61,0.86,0.29,0.92,0.1
84,Kenan Song,16.0,5.0,0.0,4.3,0.45,4.2,0.56,0.0,0.0,0.45,0.0
85,Jason Von Flue,14.0,12.0,1.0,1.89,0.36,3.23,0.52,0.62,0.16,0.58,1.5
86,Hacran Dias,23.0,6.0,1.0,2.08,0.41,3.31,0.55,2.5,0.39,0.76,0.5
87,Matt Grice,15.0,5.0,0.0,4.09,0.53,2.69,0.56,2.19,0.37,0.82,0.5
88,Ed Herman,26.0,14.0,0.0,3.33,0.49,3.13,0.44,2.2,0.48,0.59,1.2
89,Jared Gordon,16.0,4.0,0.0,5.55,0.55,3.35,0.59,2.98,0.41,0.62,0.0
90,Roan Carneiro,21.0,11.0,0.0,1.46,0.46,1.82,0.62,3.05,0.42,0.83,1.4
91,Caol Uno,33.0,19.0,5.0,1.91,0.49,1.9,0.5,1.95,0.31,0.37,0.5
92,Shonie Carter,51.0,31.0,7.0,1.62,0.36,2.32,0.47,0.75,0.66,0.75,0.0
93,Niko Price,14.0,4.0,0.0,4.32,0.38,5.46,0.49,1.08,0.23,0.61,1.1
94,Mark Coleman,16.0,10.0,0.0,1.88,0.52,2.62,0.4,3.89,0.4,0.5,0.8
95,Marcin Tybura,19.0,6.0,0.0,3.32,0.5,2.83,0.53,1.69,0.48,0.82,0.1
96,Vicente Luque,19.0,7.0,1.0,5.72,0.53,5.82,0.52,0.68,0.5,0.64,0.8
97,Justin Buchholz,15.0,10.0,0.0,2.35,0.26,4.14,0.51,0.0,0.0,0.33,0.8
98,Jessica Penne,12.0,6.0,0.0,2.46,0.33,4.73,0.48,1.58,0.25,0.2,0.6
99,Michinori Tanaka,11.0,3.0,0.0,1.97,0.37,1.99,0.5,2.4,0.38,0.43,0.2
100,Roger Huerta,23.0,9.0,1.0,3.64,0.36,2.33,0.56,2.13,0.46,0.52,0.5
101,Spencer Fisher,24.0,9.0,0.0,3.17,0.43,3.03,0.64,0.67,0.3,0.6,0.8
102,Nina Ansaroff,10.0,6.0,0.0,4.81,0.47,3.55,0.54,0.29,0.4,0.77,0.6
103,Joey Villasenor,29.0,10.0,0.0,2.05,0.38,3.26,0.52,0.71,0.4,0.53,1.1
104,Katsunori Kikuno,24.0,8.0,2.0,2.64,0.4,2.47,0.61,1.88,0.75,0.76,0.8
105,Kazuyuki Fujita,15.0,12.0,0.0,1.05,0.49,1.99,0.52,2.78,0.36,0.85,0.6
106,Shannon Gugerty,15.0,7.0,0.0,1.25,0.39,1.88,0.58,2.13,0.27,0.5,3.4
107,Francimar Barroso,19.0,7.0,0.0,2.77,0.52,3.07,0.59,2.22,0.24,0.83,0.0
108,Drew Dober,23.0,9.0,0.0,4.66,0.4,4.12,0.55,0.88,0.17,0.58,0.1
109,Jose Aldo,28.0,7.0,0.0,3.48,0.44,3.55,0.62,0.6,0.61,0.9,0.1
110,Weili Zhang,21.0,1.0,0.0,6.38,0.45,4.43,0.53,1.26,0.23,1.0,0.5
111,Yoshiyuki Yoshida,18.0,9.0,0.0,0.85,0.36,3.67,0.36,1.41,0.28,0.25,2.8
112,Steven Peterson,18.0,9.0,0.0,4.65,0.35,5.89,0.56,2.02,0.28,0.75,0.4
113,Daniel Teymur,7.0,4.0,0.0,3.08,0.46,3.93,0.56,0.56,0.18,0.6,0.3
114,Alex Stiebling,19.0,11.0,1.0,1.77,0.42,1.45,0.52,0.35,0.66,0.66,0.7
115,Anthony Njokuani,16.0,12.0,0.0,3.94,0.46,2.41,0.65,0.5,0.45,0.53,0.2
116,Darren Uyenoyama,10.0,6.0,0.0,1.34,0.39,2.21,0.66,1.42,0.33,0.35,0.7
117,Gunnar Nelson,17.0,5.0,1.0,1.71,0.57,3.33,0.49,1.72,0.55,0.66,0.9
118,Tra Telligman,7.0,5.0,1.0,1.83,0.35,3.02,0.56,0.87,1.0,0.8,0.0
119,Robert Whiteford,14.0,4.0,0.0,2.33,0.46,1.99,0.62,1.9,0.3,0.45,0.0
120,Bob Sapp,11.0,20.0,0.0,3.19,0.55,1.88,0.49,0.58,1.0,0.72,0.0
121,Richard Walsh,9.0,5.0,0.0,3.84,0.46,2.72,0.58,1.55,0.4,0.66,0.2
122,Nikita Krylov,27.0,7.0,0.0,4.54,0.59,2.45,0.41,1.4,0.38,0.52,1.6
123,Norman Parke,23.0,6.0,1.0,3.06,0.35,2.88,0.64,1.98,0.26,0.77,0.0
124,Luiz Azeredo,15.0,10.0,0.0,2.16,0.39,2.76,0.57,1.07,0.5,0.45,0.3
125,Richard Crunkilton,19.0,4.0,0.0,1.72,0.41,1.45,0.58,4.08,0.61,0.65,1.3
126,Hiroyuki Takaya,21.0,14.0,2.0,3.18,0.33,3.16,0.6,0.9,0.45,0.66,0.0
127,Sergio Pettis,18.0,5.0,0.0,3.88,0.37,2.91,0.65,0.85,0.4,0.67,0.4
128,Renato Moicano,14.0,3.0,1.0,5.49,0.46,3.67,0.66,1.34,0.58,0.76,0.6
129,Donald Cerrone,36.0,15.0,0.0,4.33,0.46,4.27,0.53,1.23,0.35,0.73,1.2
130,Daniel Omielanczuk,19.0,8.0,1.0,3.09,0.57,3.29,0.47,0.56,0.26,0.68,0.1
131,Chris Beal,10.0,5.0,0.0,3.45,0.35,3.18,0.61,1.6,0.58,0.78,0.2
132,Ramazan Emeev,19.0,4.0,0.0,2.29,0.43,1.79,0.68,2.0,0.25,0.72,0.6
133,Henrique da Silva,14.0,5.0,0.0,3.89,0.6,5.28,0.4,0.25,0.14,0.22,0.2
134,Kevin Ferguson,5.0,2.0,0.0,2.3,0.5,3.41,0.38,3.1,0.72,0.36,1.2
135,Charles Bennett,30.0,33.0,2.0,1.39,0.39,1.35,0.64,2.02,1.0,0.36,2.0
136,Antonio Carlos Junior,11.0,4.0,0.0,1.91,0.44,1.98,0.53,3.7,0.44,0.53,0.9
137,Rashid Magomedov,20.0,2.0,0.0,4.4,0.49,3.05,0.54,0.67,0.57,0.89,0.2
138,Alejandro Perez,22.0,8.0,1.0,3.52,0.35,2.94,0.64,0.52,0.2,0.73,0.1
139,Fabio Maldonado,23.0,11.0,0.0,5.29,0.58,4.31,0.53,0.44,0.57,0.61,0.6
140,Cung Le,9.0,3.0,0.0,4.36,0.48,2.98,0.66,1.37,0.71,0.88,0.3
141,Brett Rogers,17.0,10.0,0.0,3.17,0.44,3.2,0.46,0.0,0.0,0.58,0.0
142,Tom Breese,11.0,2.0,0.0,3.55,0.5,2.73,0.62,0.0,0.0,0.75,0.3
143,Renan Barao,34.0,9.0,0.0,3.78,0.36,3.9,0.57,1.49,0.41,0.91,0.5
144,Alex Morono,17.0,6.0,0.0,4.42,0.39,3.1,0.61,0.0,0.0,0.35,0.6
145,TJ Dillashaw,17.0,4.0,0.0,5.37,0.41,3.03,0.65,1.68,0.37,0.86,1.0
146,Chris Lytle,31.0,18.0,5.0,3.76,0.45,3.03,0.58,0.7,0.55,0.55,2.4
147,Neil Magny,24.0,8.0,0.0,3.96,0.48,2.15,0.56,2.63,0.45,0.59,0.3
148,Ricky Simon,16.0,3.0,0.0,3.21,0.41,3.68,0.63,6.61,0.51,0.72,0.2
149,Rafael Natal,21.0,9.0,1.0,3.1,0.47,2.48,0.57,2.55,0.34,0.77,0.5
150,Rich Attonito,10.0,5.0,0.0,2.28,0.47,2.13,0.59,0.74,0.37,0.75,0.0
151,Angela Hill,12.0,8.0,0.0,5.76,0.49,5.17,0.64,0.47,0.37,0.72,0.2
152,Brian Bowles,10.0,3.0,0.0,2.36,0.26,2.98,0.64,1.39,0.7,0.54,1.4
153,Kimo Leopoldo,10.0,7.0,1.0,0.76,0.83,2.12,0.3,4.55,1.0,0.0,2.3
154,Bobby Voelker,19.0,13.0,0.0,4.01,0.35,5.84,0.42,1.04,0.5,0.66,0.0
155,Mark Bocek,12.0,5.0,0.0,2.34,0.43,2.32,0.6,3.65,0.36,0.31,1.3
156,Alex Karalexis,10.0,6.0,0.0,2.57,0.42,2.39,0.54,2.7,0.45,0.86,0.9
157,Markus Perez,12.0,3.0,0.0,2.75,0.48,3.96,0.52,1.08,0.26,0.8,1.1
158,Magnus Cedenblad,14.0,5.0,0.0,2.38,0.51,3.02,0.4,2.87,0.64,0.66,1.0
159,Jordan Rinaldi,14.0,7.0,0.0,1.56,0.35,2.32,0.59,1.45,0.35,0.2,1.2
160,Jesse Taylor,31.0,15.0,0.0,1.94,0.65,0.55,0.38,7.28,0.5,1.0,3.1
161,Islam Makhachev,18.0,1.0,0.0,2.1,0.56,0.76,0.72,3.4,0.68,0.93,0.8
162,Charlie Valencia,12.0,7.0,0.0,2.58,0.37,2.61,0.77,1.4,0.53,0.75,0.5
163,Alex Chambers,5.0,5.0,0.0,2.97,0.54,5.1,0.5,2.31,0.41,0.53,1.0
164,Robert Whittaker,22.0,5.0,0.0,4.51,0.4,3.43,0.61,0.46,0.3,0.84,0.0
165,Jon Madsen,8.0,2.0,0.0,2.46,0.41,1.18,0.81,1.32,0.71,0.7,0.0
166,Seth Baczynski,20.0,14.0,0.0,3.08,0.31,3.14,0.51,0.89,0.16,0.48,0.8
167,Nicholas Musoke,13.0,5.0,0.0,3.56,0.35,3.8,0.57,1.16,0.19,0.82,0.2
168,Brian Stann,12.0,6.0,0.0,3.28,0.42,2.65,0.59,0.12,0.12,0.6,0.3
169,Pedro Munhoz,18.0,5.0,0.0,5.53,0.43,6.03,0.58,0.76,0.21,0.8,0.9
170,Renato Sobral,37.0,11.0,0.0,2.23,0.45,1.53,0.57,2.48,0.42,0.65,2.6
171,Shane Burgos,13.0,2.0,0.0,7.31,0.5,5.81,0.6,0.3,1.0,0.89,0.1
172,Gina Mazany,6.0,4.0,0.0,2.75,0.49,3.14,0.49,3.14,0.7,0.2,0.0
173,Dylan Andrews,18.0,7.0,0.0,2.21,0.5,2.72,0.46,2.83,0.5,0.57,0.4
174,Luke Stewart,6.0,3.0,0.0,3.75,0.56,2.34,0.53,3.75,0.33,0.5,1.9
175,Ricardo Arona,14.0,5.0,0.0,1.66,0.48,1.15,0.57,2.41,0.48,0.58,1.2
176,Hugo Viana,8.0,4.0,0.0,3.05,0.38,3.2,0.57,0.22,0.06,0.5,0.0
177,Bec Rawlings,7.0,8.0,0.0,4.48,0.42,5.66,0.57,0.71,0.4,0.68,0.4
178,Devin Cole,20.0,10.0,1.0,3.5,0.55,2.14,0.48,2.18,0.42,0.66,0.0
179,David Loiseau,23.0,11.0,0.0,1.59,0.44,3.64,0.43,0.43,0.42,0.36,0.1
180,Valentijn Overeem,30.0,32.0,0.0,0.93,0.34,1.49,0.58,1.86,0.5,0.0,4.7
181,John Phillips,22.0,10.0,0.0,2.25,0.34,5.31,0.49,0.0,0.0,0.11,0.0
182,Nick Diaz,26.0,9.0,0.0,5.43,0.42,3.56,0.61,1.32,0.33,0.6,1.0
183,Frank Mir,18.0,11.0,0.0,2.18,0.47,3.84,0.38,2.02,0.4,0.54,2.0
184,Artem Lobov,13.0,15.0,1.0,3.52,0.41,4.82,0.5,0.39,0.25,0.52,0.0
185,Joachim Hansen,23.0,14.0,1.0,2.01,0.43,2.04,0.58,2.21,0.58,0.34,1.9
186,Dean Lister,13.0,7.0,0.0,1.26,0.35,1.89,0.61,1.58,0.15,0.5,1.1
187,Scott Holtzman,14.0,4.0,0.0,4.44,0.49,3.47,0.54,2.16,0.58,0.66,0.2
188,Cheick Kongo,27.0,10.0,2.0,3.33,0.56,1.28,0.54,2.3,0.56,0.52,0.2
189,Terry Etim,16.0,5.0,0.0,2.16,0.35,2.53,0.67,0.43,0.3,0.39,1.4
190,Bart Palaszewski,36.0,17.0,0.0,2.67,0.32,3.97,0.57,0.65,0.31,0.53,0.5
191,Juliana Lima,9.0,5.0,0.0,1.94,0.44,2.11,0.55,1.72,0.31,0.7,0.0
192,Alexander Volkanovski,22.0,1.0,0.0,6.02,0.55,3.31,0.6,2.09,0.34,0.72,0.3
193,Neil Seery,16.0,13.0,0.0,3.56,0.41,3.79,0.58,0.78,0.27,0.53,1.6
194,Scott Ferrozzo,4.0,2.0,0.0,0.0,0.0,0.0,0.0,0.0,0.0,0.0,0.0
195,Michael McDonald,17.0,4.0,0.0,2.69,0.42,2.76,0.57,1.09,0.66,0.52,1.4
196,Ovince Saint Preux,24.0,14.0,0.0,2.6,0.46,2.91,0.45,1.27,0.4,0.65,0.6
197,Danny Martinez,21.0,8.0,0.0,2.73,0.28,3.77,0.63,3.0,0.45,0.36,0.0
198,Geoff Neal,13.0,2.0,0.0,6.04,0.49,3.57,0.65,0.85,0.5,0.92,0.4
199,Tony Fryklund,14.0,9.0,1.0,3.49,0.39,6.5,0.43,0.0,0.0,0.66,0.5
200,Chas Skelly,18.0,3.0,0.0,2.02,0.4,3.35,0.48,1.71,0.34,0.33,2.4
201,Dong Hyun Kim,22.0,4.0,1.0,2.12,0.49,1.89,0.58,2.93,0.43,0.71,0.6
202,Shane Campbell,14.0,6.0,0.0,3.99,0.59,3.19,0.55,1.36,0.28,0.82,0.0
203,Aaron Simpson,12.0,5.0,0.0,3.6,0.52,2.53,0.56,3.78,0.34,0.83,0.5
204,Jacob Volkmann,19.0,7.0,0.0,1.19,0.34,1.78,0.52,3.19,0.48,0.52,2.0
205,Deiveson Figueiredo,19.0,1.0,0.0,2.8,0.55,2.81,0.51,1.71,0.5,0.61,2.9
206,Johnny Bedford,21.0,13.0,1.0,4.53,0.5,1.75,0.63,1.83,0.62,0.62,0.0
207,Scott Jorgensen,15.0,12.0,0.0,3.37,0.4,3.41,0.65,2.61,0.45,0.59,0.7
208,Mu Bae Choi,12.0,6.0,0.0,1.55,0.49,3.65,0.44,3.12,0.75,0.6,1.0
209,Alessio Di Chirico,12.0,5.0,0.0,3.25,0.4,3.28,0.62,1.66,0.45,0.83,0.0
210,Rick Story,19.0,9.0,0.0,3.8,0.41,2.17,0.62,2.53,0.48,0.63,0.9
211,Anderson Silva,34.0,10.0,0.0,3.04,0.62,1.98,0.61,0.52,0.77,0.69,0.8
212,Drew Fickett,42.0,21.0,0.0,2.33,0.41,2.29,0.57,1.3,0.35,0.3,2.2
213,Chad Mendes,18.0,5.0,0.0,2.78,0.49,2.35,0.67,4.13,0.55,1.0,0.3
214,Kyoji Horiguchi,19.0,2.0,0.0,3.6,0.45,2.45,0.62,2.0,0.44,0.55,0.0
215,Matt Hughes,45.0,9.0,0.0,2.14,0.53,1.36,0.53,2.95,0.5,0.35,1.2
216,Jorge Gurgel,14.0,10.0,0.0,3.37,0.32,3.62,0.62,0.81,0.23,0.6,0.5
217,Macy Chiasson,7.0,1.0,0.0,4.4,0.53,2.22,0.44,0.97,0.16,0.7,0.7
218,Jack Hermansson,21.0,5.0,0.0,5.08,0.48,2.52,0.56,2.19,0.35,0.73,0.9
219,Jessica Andrade,20.0,8.0,0.0,6.4,0.49,5.3,0.53,3.02,0.57,0.76,0.4
220,Dan Severn,101.0,19.0,1.0,0.0,0.0,0.0,0.0,0.0,0.0,0.0,0.0
221,Travis Lutter,10.0,6.0,0.0,0.41,0.32,2.42,0.42,1.95,0.24,0.3,0.7
222,Peter Sobotta,17.0,7.0,1.0,2.14,0.4,2.9,0.58,1.53,0.32,0.77,0.5
223,Takeya Mizugaki,21.0,11.0,2.0,3.37,0.37,3.27,0.57,1.46,0.57,0.7,0.1
224,Marvin Eastman,18.0,15.0,1.0,2.21,0.35,3.92,0.42,1.38,0.33,0.81,0.0
225,Frankie Edgar,23.0,8.0,1.0,3.7,0.39,2.7,0.66,2.28,0.31,0.65,0.3
226,Pat Healy,34.0,23.0,0.0,2.57,0.36,2.57,0.5,3.08,0.37,0.55,1.1
227,Stefan Struve,33.0,12.0,0.0,3.13,0.47,4.0,0.46,0.58,0.5,0.55,1.7
228,Junior Albini,14.0,6.0,0.0,3.98,0.51,6.08,0.52,1.54,0.37,1.0,0.0
229,Miesha Tate,18.0,7.0,0.0,1.93,0.41,2.71,0.5,2.06,0.31,0.52,1.6
230,Ilir Latifi,15.0,8.0,0.0,2.01,0.4,2.84,0.56,2.02,0.32,1.0,0.4
231,Evan Tanner,32.0,8.0,0.0,3.05,0.59,2.64,0.56,2.55,0.43,0.25,1.3
232,Zach Makovsky,20.0,8.0,0.0,1.94,0.43,2.24,0.62,3.71,0.3,0.56,0.3
233,Felice Herrig,14.0,9.0,0.0,3.63,0.36,4.84,0.49,1.18,0.3,0.72,0.9
234,Rashad Evans,19.0,8.0,1.0,2.14,0.37,2.42,0.63,2.98,0.44,0.73,0.0
235,Tim Kennedy,18.0,6.0,0.0,2.78,0.47,1.84,0.62,2.58,0.35,0.7,0.7
236,John Hathaway,17.0,2.0,0.0,3.4,0.4,1.8,0.62,2.61,0.43,0.6,0.9
237,Dustin Pague,12.0,11.0,0.0,1.65,0.53,2.96,0.41,1.03,0.44,0.55,2.6
238,Jason Black,23.0,4.0,1.0,1.06,0.47,2.6,0.45,0.48,0.33,0.28,6.2
239,Bobby Stack,8.0,3.0,0.0,1.0,0.2,2.89,0.34,7.48,0.45,1.0,0.0
240,Frankie Saenz,13.0,7.0,0.0,3.94,0.47,3.5,0.52,1.74,0.31,0.61,0.1
241,Brian Ebersole,51.0,18.0,1.0,2.32,0.49,2.14,0.56,1.7,0.23,0.61,0.1
242,Jay Hieron,23.0,7.0,0.0,1.66,0.32,1.89,0.61,4.05,0.6,0.66,1.0
243,Marion Reneau,9.0,6.0,1.0,3.42,0.41,3.37,0.6,0.52,0.71,0.51,0.9
244,Jeremy Stephens,28.0,18.0,0.0,3.18,0.4,3.06,0.58,1.16,0.38,0.65,0.4
245,Mike Kyle,22.0,14.0,1.0,3.93,0.51,3.35,0.49,1.33,0.62,0.5,0.8
246,Gadzhimurad Antigulov,20.0,7.0,0.0,2.89,0.56,4.95,0.24,8.4,0.42,0.0,2.8
247,Justin Ledet,9.0,3.0,0.0,3.33,0.39,4.67,0.49,0.24,0.5,0.42,0.2
248,Magomed Mustafaev,14.0,3.0,0.0,2.59,0.58,2.68,0.41,3.31,0.5,0.23,0.4
249,Nicolas Dalby,18.0,4.0,1.0,3.17,0.38,3.19,0.54,1.74,0.45,0.58,0.0
250,Masaaki Satake,1.0,8.0,1.0,1.4,0.35,3.76,0.41,0.0,0.0,0.58,0.0
251,Brendan Schaub,10.0,5.0,0.0,2.92,0.37,2.22,0.57,2.32,0.46,0.72,0.4
252,Kyle Bochniak,8.0,5.0,0.0,2.63,0.31,5.11,0.58,1.14,0.15,0.62,0.0
253,Royce Gracie,15.0,2.0,3.0,0.88,0.41,1.13,0.37,0.0,0.0,0.66,0.8
254,Iuri Alcantara,35.0,10.0,0.0,2.72,0.45,2.79,0.49,1.44,0.62,0.6,0.8
255,Timothy Johnson,12.0,4.0,0.0,3.43,0.45,3.08,0.44,1.09,0.24,0.69,0.0
256,Shane Roller,11.0,7.0,0.0,2.04,0.34,2.65,0.6,2.46,0.33,0.42,1.9
257,Anthony Rocco Martin,17.0,6.0,0.0,2.68,0.37,2.59,0.58,0.71,0.27,0.68,1.0
258,Elizeu Zaleski dos Santos,22.0,7.0,0.0,4.05,0.39,3.07,0.59,0.57,0.17,0.52,0.5
259,Evangelista Santos,21.0,18.0,0.0,3.94,0.36,6.01,0.49,0.78,1.0,0.5,0.4
260,Dustin Hazelett,12.0,7.0,0.0,2.24,0.4,3.51,0.46,0.55,0.5,0.25,4.1
261,Marco Polo Reyes,8.0,7.0,0.0,6.0,0.37,5.52,0.59,0.0,0.0,0.46,0.0
262,Teruto Ishihara,10.0,7.0,2.0,3.26,0.44,3.63,0.53,0.5,0.16,0.3,0.0
263,Chico Camus,17.0,7.0,0.0,2.58,0.41,2.46,0.64,0.77,0.4,0.72,0.4
264,Hermes Franca,24.0,17.0,0.0,1.78,0.39,2.85,0.55,1.53,0.36,0.37,2.4
265,Shana Dobson,4.0,4.0,0.0,3.63,0.36,5.11,0.53,1.0,0.5,0.0,0.0
266,Paulo Filho,23.0,6.0,3.0,1.86,0.48,1.67,0.66,2.4,0.32,0.42,1.6
267,Demian Maia,28.0,10.0,0.0,1.82,0.43,2.03,0.63,2.55,0.26,0.61,1.0
268,Assuerio Silva,16.0,8.0,0.0,1.42,0.46,4.2,0.54,2.66,0.34,0.25,1.8
269,Tatsuya Mizuno,16.0,12.0,1.0,2.25,0.37,3.52,0.53,1.19,0.25,0.4,3.6
270,Yuta Sasaki,21.0,6.0,2.0,2.16,0.41,2.5,0.5,3.03,0.43,0.41,1.2
271,Yaotzin Meza,21.0,11.0,0.0,1.43,0.41,1.62,0.64,1.06,0.2,0.18,1.4
272,Valentina Shevchenko,19.0,3.0,0.0,3.06,0.5,2.12,0.63,2.09,0.54,0.77,0.4
273,Carlo Prater,31.0,18.0,1.0,2.03,0.47,4.07,0.35,0.43,0.09,0.57,1.7
274,Din Thomas,26.0,9.0,0.0,1.85,0.37,2.6,0.59,1.38,0.52,0.76,1.2
275,Ian Freeman,20.0,7.0,1.0,2.54,0.48,3.11,0.44,1.44,0.4,0.8,0.7
276,Zak Cummings,24.0,7.0,0.0,2.58,0.32,2.83,0.55,0.68,0.28,0.65,0.7
277,Chris Gruetzemacher,14.0,3.0,0.0,7.12,0.58,5.09,0.56,0.0,0.0,0.62,0.0
278,Jon Fitch,30.0,7.0,1.0,2.61,0.5,1.65,0.54,3.6,0.51,0.56,0.8
279,Brian Foster,27.0,10.0,0.0,3.3,0.39,1.63,0.65,3.67,0.6,0.37,1.8
280,Gan McGee,13.0,5.0,0.0,2.2,0.29,2.31,0.59,0.65,0.25,0.83,0.0
281,Luiz Cane,17.0,7.0,0.0,4.79,0.41,5.0,0.6,0.56,0.28,1.0,0.3
282,Nick Ring,14.0,4.0,0.0,3.52,0.42,3.48,0.62,1.36,0.36,0.52,0.3
283,Cody Garbrandt,12.0,3.0,0.0,3.35,0.37,3.33,0.65,0.84,0.33,1.0,0.0
284,Pat Miletich,29.0,7.0,2.0,1.79,0.45,1.66,0.63,1.96,1.0,0.54,1.0
285,Brad Scott,11.0,6.0,0.0,3.52,0.41,4.31,0.57,0.32,0.15,0.63,0.7
286,Jake Matthews,16.0,4.0,0.0,2.98,0.46,2.16,0.62,2.2,0.41,0.68,0.7
287,Raquel Pennington,11.0,9.0,0.0,3.62,0.48,3.2,0.63,1.12,0.28,0.65,0.7
288,Hayato Sakurai,38.0,13.0,2.0,2.45,0.49,1.94,0.59,1.87,0.69,0.56,0.3
289,Lumumba Sayers,6.0,5.0,0.0,2.54,0.41,2.37,0.48,7.63,0.75,0.0,2.5
290,Alex Garcia,15.0,6.0,0.0,1.81,0.31,3.03,0.59,3.72,0.52,0.66,0.1
291,Jason Brilz,22.0,6.0,1.0,2.66,0.4,1.78,0.65,2.37,0.25,0.25,1.3
292,Ed Ratcliff,7.0,3.0,0.0,2.71,0.38,2.96,0.63,0.28,0.16,0.53,0.0
293,Alessio Sakara,19.0,11.0,0.0,3.96,0.47,2.8,0.59,2.18,0.78,0.62,0.0
294,Andrew Craig,9.0,4.0,0.0,2.39,0.4,3.01,0.5,0.53,0.37,0.72,0.0
295,Dave Herman,22.0,6.0,0.0,4.98,0.6,3.78,0.48,1.49,1.0,0.58,0.0
296,Ricardo Lamas,20.0,8.0,0.0,3.13,0.47,2.87,0.57,1.84,0.33,0.46,0.9
297,Alistair Overeem,46.0,18.0,0.0,3.66,0.63,2.18,0.59,1.4,0.54,0.73,0.9
298,Joe Proctor,11.0,5.0,0.0,3.39,0.36,3.93,0.59,0.0,0.0,0.7,1.8
299,Steve Cantwell,7.0,6.0,0.0,3.63,0.34,5.76,0.55,0.65,0.3,0.8,0.7
300,Mark De La Rosa,11.0,5.0,0.0,3.13,0.35,5.0,0.48,0.54,0.13,0.4,0.2
301,Mairbek Taisumov,27.0,6.0,0.0,2.98,0.39,3.03,0.64,1.34,0.63,0.88,0.0
302,Alvin Cacdac,18.0,13.0,0.0,1.21,0.66,0.61,0.0,0.0,0.0,0.0,0.0
303,Megan Anderson,11.0,4.0,0.0,1.82,0.46,2.94,0.38,0.56,0.33,0.53,0.6
304,Kevin Aguilar,17.0,4.0,0.0,3.69,0.37,4.47,0.53,0.19,0.25,0.87,0.0
305,Justin Eilers,19.0,7.0,1.0,2.86,0.43,5.66,0.49,0.82,0.25,0.5,0.0
306,Thiago Tavares,21.0,7.0,1.0,2.0,0.4,2.31,0.62,3.83,0.42,0.62,1.5
307,Nick Hein,14.0,5.0,0.0,2.65,0.35,3.61,0.59,0.86,0.33,0.83,0.0
308,Charles Oliveira,29.0,8.0,0.0,3.27,0.51,3.08,0.54,2.61,0.42,0.57,2.8
309,Brandon Thatch,11.0,5.0,0.0,2.7,0.42,3.63,0.52,1.36,0.66,0.5,0.7
310,Henry Briones,16.0,8.0,1.0,3.47,0.42,4.68,0.53,0.0,0.0,0.52,0.6
311,Jairzinho Rozenstruik,11.0,1.0,0.0,4.04,0.51,3.1,0.36,0.0,0.0,0.75,0.0
312,Matt Lindland,22.0,9.0,0.0,2.62,0.5,1.56,0.52,3.01,0.48,0.6,1.3
313,Mike Massenzio,13.0,9.0,0.0,2.08,0.45,3.59,0.54,2.74,0.24,0.5,1.4
314,Diego Sanchez,31.0,12.0,0.0,2.73,0.38,2.95,0.56,1.57,0.24,0.46,0.9
315,Sean Pierson,14.0,6.0,0.0,3.84,0.39,3.73,0.64,0.39,0.18,0.66,0.4
316,Guy Mezger,30.0,14.0,2.0,2.3,0.32,1.36,0.72,0.39,0.5,0.88,0.0
317,Sage Northcutt,11.0,2.0,0.0,3.58,0.52,1.96,0.58,1.81,0.34,0.41,0.6
318,Tim Means,30.0,12.0,1.0,4.92,0.46,3.53,0.61,0.98,0.42,0.63,0.2
319,Keita Nakamura,34.0,10.0,2.0,2.23,0.36,3.2,0.58,1.65,0.48,0.63,0.3
320,Gabriel Benitez,21.0,9.0,0.0,4.14,0.38,3.16,0.71,0.18,0.5,0.56,1.2
321,Chase Sherman,15.0,6.0,0.0,6.02,0.45,5.55,0.52,0.0,0.0,0.77,0.0
322,Shane Carwin,12.0,2.0,0.0,4.38,0.47,3.53,0.53,1.42,0.33,0.42,0.0
323,Daijiro Matsui,13.0,29.0,7.0,0.84,0.45,1.69,0.55,1.83,0.3,0.43,0.4
324,Antonio Banuelos,20.0,11.0,1.0,2.69,0.33,3.15,0.58,1.62,0.62,0.86,0.4
325,Mike Pyle,27.0,14.0,1.0,2.74,0.45,2.84,0.6,1.8,0.35,0.7,1.5
326,Colby Covington,15.0,2.0,0.0,4.17,0.37,3.02,0.55,4.91,0.51,0.78,0.2
327,Tatsuya Kawajiri,36.0,11.0,2.0,2.04,0.44,2.01,0.5,3.63,0.48,0.63,1.1
328,Paulo Thiago,18.0,9.0,0.0,1.71,0.39,1.99,0.63,1.42,0.31,0.63,1.2
329,Sam Alvey,33.0,14.0,0.0,3.11,0.45,3.22,0.55,0.08,0.16,0.81,0.1
330,Riki Fukuda,24.0,9.0,0.0,4.24,0.43,3.71,0.64,2.17,0.43,0.7,0.0
331,Sean Sherk,36.0,4.0,1.0,2.17,0.35,2.71,0.55,4.09,0.46,0.56,0.4
332,Paige VanZant,8.0,5.0,0.0,3.35,0.52,2.62,0.42,1.27,0.33,0.34,1.0
333,Marvin Vettori,15.0,4.0,1.0,4.33,0.43,2.76,0.67,1.67,0.47,0.8,0.9
334,Roosevelt Roberts,10.0,2.0,0.0,3.02,0.49,2.21,0.53,1.77,0.57,0.58,1.1
335,Chris Wade,12.0,3.0,0.0,1.7,0.53,1.75,0.51,2.6,0.51,0.55,1.1
336,Cynthia Calvillo,9.0,1.0,1.0,4.21,0.44,3.37,0.66,1.97,0.46,0.69,1.3
337,Andre Winner,21.0,11.0,2.0,2.52,0.33,4.57,0.51,0.0,0.0,0.74,0.0
338,Jason Lambert,26.0,13.0,0.0,3.21,0.58,1.84,0.5,1.35,0.36,0.28,2.4
339,Kendall Grove,23.0,17.0,0.0,2.31,0.41,2.4,0.54,0.49,0.45,0.56,1.7
340,Francis Carmont,25.0,12.0,0.0,2.22,0.42,1.64,0.59,1.79,0.36,0.73,0.6
341,Kuniyoshi Hironaka,23.0,9.0,0.0,1.98,0.4,3.01,0.54,1.91,0.3,0.25,0.6
342,Dennis Bermudez,17.0,9.0,0.0,4.42,0.46,3.07,0.59,3.89,0.4,0.82,1.1
343,Ali Bagautinov,15.0,6.0,0.0,2.85,0.42,3.09,0.52,2.51,0.36,0.65,0.3
344,TJ Waldburger,16.0,9.0,0.0,2.02,0.51,2.39,0.4,3.03,0.46,0.4,4.8
345,Jose Quinonez,9.0,4.0,0.0,3.41,0.46,2.58,0.66,2.58,0.45,0.5,0.7
346,Dave Beneteau,6.0,5.0,1.0,0.0,0.0,0.0,0.0,0.0,0.0,0.0,0.0
347,Mauricio Rua,27.0,11.0,1.0,3.63,0.5,2.7,0.54,2.17,0.48,0.47,0.8
348,Germaine de Randamie,9.0,4.0,0.0,2.72,0.47,2.15,0.64,0.0,0.0,0.71,0.2
349,Dennis Hallman,53.0,20.0,2.0,1.12,0.44,1.96,0.43,1.79,0.3,0.25,2.1
350,Stephen Thompson,15.0,4.0,1.0,3.93,0.44,2.73,0.59,0.36,0.45,0.78,0.0
351,Manny Tapia,12.0,14.0,1.0,2.69,0.21,4.74,0.58,0.49,0.4,0.66,0.2
352,Don Frye,20.0,9.0,1.0,2.87,0.64,3.57,0.37,0.91,0.57,0.45,0.7
353,Christos Giagos,17.0,8.0,0.0,3.05,0.4,2.73,0.49,2.74,0.42,0.5,0.4
354,James Te Huna,16.0,9.0,0.0,4.04,0.51,2.99,0.62,2.75,0.37,0.58,0.2
355,Gabriel Gonzaga,17.0,11.0,0.0,2.12,0.45,2.94,0.57,2.8,0.39,0.66,1.1
356,Quinn Mulhern,18.0,4.0,0.0,1.48,0.28,2.09,0.51,1.36,0.2,0.33,0.0
357,Mickey Gall,6.0,3.0,0.0,2.55,0.46,3.65,0.42,1.15,0.26,0.4,2.1
358,Joe Lauzon,28.0,16.0,0.0,2.84,0.39,5.39,0.54,2.39,0.45,0.54,2.0
359,Ian McCall,13.0,5.0,1.0,3.59,0.39,3.25,0.67,2.08,0.3,0.88,0.0
360,Lyle Beerbohm,24.0,3.0,0.0,1.98,0.55,1.61,0.54,2.1,0.23,0.64,0.3
361,Tiequan Zhang,15.0,4.0,0.0,1.23,0.36,2.14,0.51,1.95,0.58,0.75,3.4
362,Joe Doerksen,51.0,16.0,0.0,1.43,0.42,2.79,0.5,2.02,0.33,0.33,2.3
363,Bibiano Fernandes,20.0,3.0,0.0,2.91,0.4,2.02,0.72,3.97,0.53,0.77,0.6
364,Israel Adesanya,19.0,0.0,0.0,3.96,0.48,2.4,0.65,0.0,0.0,0.86,0.3
365,Hakeem Dawodu,11.0,1.0,1.0,5.28,0.46,2.31,0.64,0.0,0.0,0.85,0.0
366,Cole Miller,21.0,11.0,0.0,3.0,0.33,3.88,0.59,0.6,0.36,0.38,1.8
367,Lavar Johnson,18.0,10.0,0.0,5.39,0.55,2.54,0.55,0.61,0.66,0.54,0.6
368,Mac Danzig,21.0,12.0,1.0,3.39,0.48,3.44,0.57,1.2,0.37,0.46,0.6
369,Mark Munoz,14.0,6.0,0.0,3.12,0.51,2.26,0.57,3.17,0.29,0.57,0.6
370,Shayna Baszler,15.0,11.0,0.0,2.49,0.3,6.36,0.51,0.67,0.18,0.44,1.3
371,Dan Henderson,32.0,15.0,0.0,2.44,0.47,2.7,0.51,1.52,0.52,0.57,0.3
372,Alex Serdyukov,8.0,5.0,0.0,4.94,0.48,3.1,0.46,1.84,0.55,0.67,1.8
373,Dongi Yang,13.0,3.0,0.0,3.55,0.51,3.21,0.63,1.7,0.41,0.61,0.5
374,Aaron Rosa,18.0,6.0,0.0,4.03,0.47,4.41,0.45,0.36,0.33,0.85,0.4
375,Gilbert Yvel,39.0,16.0,1.0,1.05,0.47,1.78,0.5,0.0,0.0,0.25,1.0
376,Kenji Osawa,20.0,11.0,2.0,2.34,0.35,2.14,0.63,0.91,0.58,0.68,0.7
377,Anthony Johnson,22.0,6.0,0.0,3.25,0.47,1.83,0.6,2.43,0.57,0.77,0.6
378,Marloes Coenen,23.0,8.0,0.0,2.15,0.51,1.9,0.67,0.82,0.3,0.41,2.5
379,Efrain Escudero,28.0,12.0,0.0,2.92,0.44,2.3,0.63,1.31,0.4,0.66,0.8
380,Demetrious Johnson,27.0,3.0,1.0,3.43,0.54,1.66,0.67,3.35,0.56,0.65,0.5
381,Cristiane Justino,21.0,2.0,0.0,7.28,0.52,2.25,0.64,0.66,0.55,0.94,0.4
382,Estevan Payan,16.0,12.0,0.0,4.25,0.42,3.58,0.57,0.36,1.0,0.6,0.4
383,Karl Roberson,9.0,3.0,0.0,3.0,0.51,2.42,0.57,0.99,0.57,0.5,0.8
384,Charlie Brenneman,19.0,8.0,0.0,1.52,0.56,1.55,0.46,4.23,0.42,0.72,0.0
385,Cristiano Marcello,13.0,6.0,0.0,2.56,0.33,3.61,0.58,0.44,0.11,0.2,0.9
386,Vinc Pichel,13.0,2.0,0.0,3.2,0.46,2.28,0.56,3.83,0.6,0.2,0.3
387,David Branch,22.0,6.0,0.0,1.66,0.39,1.91,0.56,2.55,0.32,0.43,0.0
388,Ben Saunders,22.0,13.0,2.0,3.23,0.5,3.58,0.51,0.2,0.4,0.66,1.3
389,Brad Pickett,25.0,14.0,0.0,3.02,0.31,4.63,0.55,2.47,0.44,0.58,0.4
390,Julie Kedzie,16.0,13.0,0.0,2.9,0.36,3.18,0.46,1.14,0.23,0.78,0.0
391,Joanna Jedrzejczyk,16.0,4.0,0.0,6.3,0.48,3.08,0.64,0.28,0.62,0.81,0.1
392,Tonya Evinger,19.0,8.0,0.0,1.16,0.42,4.02,0.38,0.93,0.3,0.33,0.9
393,Nah-Shon Burrell,15.0,7.0,0.0,4.83,0.47,3.45,0.56,0.0,0.0,0.52,0.3
394,Ryan LaFlare,14.0,3.0,0.0,2.89,0.4,1.86,0.63,2.13,0.44,0.58,0.2
395,Naoya Ogawa,7.0,2.0,0.0,2.41,0.42,1.66,0.47,1.25,1.0,0.66,1.2
396,Erik Perez,17.0,6.0,0.0,3.16,0.4,2.09,0.66,3.16,0.55,0.69,0.2
397,Justin Scoggins,11.0,5.0,0.0,3.56,0.51,2.16,0.55,3.42,0.63,0.82,0.5
398,Gary Goodridge,23.0,22.0,1.0,1.84,0.56,2.14,0.48,0.4,1.0,0.53,0.8
399,Jamie Varner,21.0,11.0,1.0,2.92,0.34,2.55,0.58,3.49,0.53,0.66,0.8
400,Kevin Casey,9.0,5.0,2.0,2.27,0.53,3.76,0.46,0.79,0.22,0.27,0.4
401,Yoshiro Maeda,35.0,16.0,5.0,2.36,0.33,2.55,0.63,2.93,0.51,0.5,0.7
402,Thomas Almeida,22.0,3.0,0.0,5.66,0.45,4.65,0.64,0.0,0.0,0.75,0.0
403,Francisco Trinaldo,26.0,7.0,0.0,3.11,0.44,2.56,0.6,1.09,0.46,0.61,0.6
404,Mara Romero Borella,12.0,8.0,0.0,2.54,0.37,2.54,0.71,1.66,0.43,0.66,0.2
405,Desmond Green,23.0,8.0,0.0,3.7,0.46,2.51,0.69,1.62,0.5,0.75,0.0
406,Ben Nguyen,16.0,8.0,0.0,3.51,0.4,3.01,0.59,0.25,0.33,0.63,1.0
407,Shinya Aoki,39.0,7.0,0.0,0.97,0.58,1.25,0.58,2.54,0.41,0.6,4.0
408,Ron Waterman,16.0,6.0,2.0,0.84,0.5,1.37,0.42,4.19,0.69,0.5,2.8
409,Derek Brunson,21.0,7.0,0.0,3.77,0.47,2.95,0.54,3.02,0.31,1.0,0.4
410,Jorge Santiago,25.0,12.0,0.0,1.69,0.35,2.62,0.56,0.58,0.3,0.52,0.8
411,Valerie Letourneau,8.0,6.0,0.0,4.51,0.37,5.4,0.58,0.77,0.45,0.66,0.3
412,Tony DeSouza,11.0,4.0,0.0,1.12,0.52,1.57,0.41,2.25,0.42,0.4,1.5
413,Alan Belcher,18.0,8.0,0.0,2.7,0.41,3.1,0.59,0.44,0.26,0.55,0.9
414,Eric Lawson,9.0,5.0,0.0,1.58,0.57,1.97,0.44,8.88,0.42,0.0,3.0
415,Cole Escovedo,17.0,9.0,0.0,1.77,0.43,4.32,0.49,0.43,0.33,0.13,0.0
416,Alexandre Pantoja,22.0,5.0,0.0,4.2,0.47,3.41,0.54,1.08,0.36,0.67,1.1
417,Brock Larson,42.0,10.0,0.0,1.39,0.46,1.5,0.55,2.67,0.34,0.43,2.0
418,Jimy Hettes,11.0,3.0,0.0,3.47,0.57,3.5,0.57,5.2,0.44,0.61,1.4
419,Nathan Coy,15.0,7.0,0.0,3.88,0.52,2.4,0.61,3.17,0.47,0.5,0.0
420,Ryan Benoit,10.0,7.0,0.0,2.95,0.41,3.4,0.6,0.33,0.25,0.7,0.5
421,Holly Holm,13.0,5.0,0.0,2.75,0.35,2.8,0.57,0.5,0.27,0.76,0.1
422,Louis Smolka,16.0,7.0,0.0,4.25,0.46,3.62,0.52,1.61,0.34,0.3,2.0
423,Xiaonan Yan,12.0,1.0,0.0,6.72,0.42,3.88,0.63,1.2,0.75,0.7,0.0
424,Jens Pulver,27.0,19.0,1.0,2.12,0.37,3.13,0.56,0.22,0.33,0.63,0.3
425,Maurice Greene,9.0,5.0,0.0,4.31,0.44,3.96,0.47,0.0,0.0,0.33,0.7
426,Vitor Belfort,26.0,14.0,0.0,1.59,0.46,2.83,0.5,1.02,0.6,0.53,0.6
427,Sarah Kaufman,18.0,4.0,0.0,6.65,0.46,4.0,0.62,0.38,0.57,0.81,0.0
428,Kyle Kingsbury,11.0,6.0,0.0,2.97,0.4,3.81,0.51,2.64,0.41,0.52,0.0
429,Patrick Smith,20.0,17.0,0.0,0.0,0.0,0.0,0.0,0.0,0.0,0.0,0.0
430,Jordan Mein,31.0,12.0,0.0,3.35,0.44,2.55,0.69,1.56,0.58,0.66,0.2
431,Clint Hester,11.0,6.0,0.0,3.36,0.42,3.44,0.56,1.02,0.35,0.6,0.0
432,Roger Gracie,8.0,2.0,0.0,1.78,0.35,1.79,0.61,1.87,0.53,0.6,1.9
433,Francisco Rivera,11.0,7.0,0.0,4.07,0.41,3.16,0.68,1.01,0.63,0.68,0.6
434,Jake Ellenberger,31.0,15.0,0.0,2.47,0.39,2.83,0.6,2.04,0.47,0.86,0.4
435,Ryo Chonan,22.0,13.0,0.0,2.57,0.43,2.25,0.6,0.61,0.41,0.39,0.3
436,Josh Samman,13.0,4.0,0.0,2.08,0.52,2.47,0.34,1.09,0.33,0.33,0.4
437,Gray Maynard,13.0,7.0,1.0,1.92,0.32,2.64,0.66,2.91,0.47,0.81,0.7
438,Jake Collier,11.0,5.0,0.0,4.15,0.39,3.8,0.51,0.71,0.23,0.67,0.5
439,Jason Knight,20.0,5.0,0.0,2.95,0.33,3.02,0.51,1.31,0.31,0.47,1.7
440,Douglas Silva de Andrade,26.0,3.0,0.0,3.96,0.38,4.43,0.58,0.65,0.5,0.65,0.0
441,LC Davis,23.0,8.0,0.0,2.04,0.3,2.1,0.59,2.27,0.46,0.66,0.2
442,Bryan Caraway,21.0,9.0,0.0,2.53,0.34,3.61,0.54,2.57,0.25,0.8,0.8
443,Curtis Millender,17.0,5.0,0.0,3.86,0.46,2.95,0.61,0.43,1.0,0.57,0.0
444,Mitch Gagnon,12.0,5.0,0.0,2.76,0.46,2.21,0.61,1.16,0.25,0.65,1.9
445,Mackenzie Dern,8.0,1.0,0.0,3.14,0.32,3.97,0.65,0.43,0.07,0.0,1.3
446,Andre Galvao,5.0,2.0,0.0,2.34,0.52,1.56,0.58,2.02,0.27,0.0,2.8
447,Ashley Yoder,7.0,6.0,0.0,2.96,0.4,3.49,0.48,1.14,0.36,0.68,0.4
448,Kurt Pellegrino,16.0,7.0,0.0,2.45,0.43,1.94,0.63,2.9,0.54,0.69,0.8
449,Thiago Santos,21.0,7.0,0.0,4.44,0.47,2.19,0.57,0.83,0.4,0.68,0.1
450,Dong Sik Yoon,9.0,9.0,0.0,0.99,0.36,2.33,0.51,1.6,0.29,0.33,1.3
451,Greg Hardy,6.0,2.0,0.0,4.48,0.48,2.79,0.58,0.0,0.0,0.83,0.0
452,Sergio Moraes,14.0,6.0,1.0,2.42,0.42,3.73,0.59,1.2,0.38,0.75,0.4
453,Kyle Noke,22.0,10.0,1.0,3.23,0.5,2.09,0.64,1.53,0.54,0.66,0.8
454,Tiki Ghosn,10.0,7.0,1.0,2.78,0.46,2.94,0.58,0.41,0.5,0.61,0.0
455,Ebenezer Fontes Braga,13.0,7.0,2.0,2.42,0.5,0.42,0.71,0.0,0.0,0.9,0.6
456,Tamdan McCrory,14.0,5.0,0.0,2.07,0.49,1.6,0.46,2.28,0.5,0.33,2.5
457,Ryan Jensen,21.0,8.0,0.0,2.84,0.39,2.99,0.59,1.55,0.5,0.31,1.9
458,Ildemar Alcantara,21.0,11.0,0.0,1.93,0.38,2.63,0.5,2.0,0.68,0.81,0.9
459,Tyron Woodley,19.0,5.0,1.0,2.38,0.49,2.65,0.56,1.11,0.39,0.9,0.4
460,Rousimar Palhares,19.0,8.0,0.0,1.75,0.51,2.04,0.59,3.93,0.45,0.0,4.1
461,Phillipe Nover,11.0,8.0,1.0,1.79,0.35,2.48,0.56,0.99,0.28,0.44,0.7
462,Eddie Alvarez,29.0,6.0,0.0,4.32,0.41,4.39,0.55,2.92,0.36,0.92,0.5
463,Mike Pierce,17.0,7.0,0.0,2.62,0.42,2.36,0.62,3.08,0.42,0.71,0.2
464,Alan Jouban,16.0,7.0,0.0,4.85,0.5,3.34,0.61,0.59,0.5,0.62,0.0
465,Murilo Bustamante,15.0,8.0,1.0,1.33,0.32,1.9,0.6,2.46,0.33,0.54,1.2
466,Alex Perez,24.0,5.0,0.0,4.68,0.47,3.1,0.61,3.03,0.5,0.87,1.4
467,Fabiano Iha,9.0,5.0,0.0,1.73,0.47,2.49,0.42,2.88,0.4,0.5,2.9
468,Hiromitsu Miura,12.0,7.0,0.0,2.12,0.34,2.12,0.58,2.23,0.5,0.69,0.6
469,Diego Nunes,19.0,7.0,0.0,2.72,0.43,2.59,0.58,1.18,0.44,0.65,0.6
470,Brett Johns,17.0,2.0,0.0,2.86,0.49,3.84,0.53,4.92,0.49,0.58,1.0
471,Petr Yan,15.0,1.0,0.0,6.32,0.5,3.25,0.63,1.46,0.52,0.88,0.2
472,Warlley Alves,14.0,4.0,0.0,3.01,0.46,3.69,0.5,1.39,0.52,0.75,1.0
473,Kazushi Sakuraba,26.0,17.0,1.0,1.26,0.41,2.03,0.51,1.26,0.31,0.48,1.7
474,Melvin Manhoef,30.0,14.0,1.0,3.52,0.48,2.64,0.51,0.33,0.25,0.78,0.0
475,Carlos Newton,16.0,14.0,0.0,0.65,0.41,1.55,0.44,2.47,0.7,0.43,0.9
476,Alexander Yakovlev,24.0,9.0,1.0,1.79,0.47,2.44,0.58,1.56,0.33,0.72,0.2
477,Patrick Cummins,10.0,7.0,0.0,4.26,0.5,3.35,0.55,4.49,0.41,0.28,0.1
478,Rich Franklin,29.0,7.0,0.0,4.1,0.44,2.07,0.62,1.31,0.66,0.63,0.7
479,Alex Caceres,17.0,12.0,0.0,4.15,0.5,2.91,0.65,0.55,0.76,0.59,0.8
480,Vladimir Matyushenko,27.0,8.0,0.0,1.9,0.44,1.62,0.59,3.25,0.46,0.7,0.1
481,Magomed Ankalaev,13.0,1.0,0.0,3.46,0.56,1.24,0.67,0.68,0.33,0.85,0.0
482,Dan Bobish,17.0,9.0,0.0,2.06,0.44,1.74,0.34,2.44,0.42,0.0,1.6
483,Nordine Taleb,15.0,7.0,0.0,3.66,0.51,2.62,0.66,1.94,0.76,0.73,0.0
484,Cyril Asker,9.0,4.0,0.0,3.35,0.39,5.82,0.35,4.41,0.62,1.0,0.9
485,Krzysztof Soszynski,26.0,12.0,1.0,3.37,0.39,3.13,0.58,0.52,0.25,0.71,1.0
486,Pedro Rizzo,20.0,11.0,0.0,1.93,0.34,3.02,0.5,0.26,0.28,0.78,0.0
487,Akihiro Gono,35.0,21.0,8.0,2.18,0.48,2.67,0.63,1.01,0.84,0.46,0.5
488,Jacare Souza,26.0,8.0,0.0,2.54,0.46,2.81,0.62,2.46,0.38,0.6,1.4
489,Sean Strickland,20.0,3.0,0.0,4.34,0.35,3.62,0.64,1.37,0.57,0.81,0.5
490,Chris Leben,22.0,11.0,0.0,2.87,0.42,2.87,0.52,1.14,0.41,0.53,0.8
491,Phil Davis,17.0,4.0,0.0,2.85,0.34,1.33,0.72,2.99,0.38,0.72,0.6
492,Roxanne Modafferi,24.0,18.0,0.0,3.04,0.3,4.8,0.54,1.29,0.21,0.4,0.1
493,Andy Ogle,9.0,6.0,0.0,2.24,0.44,2.23,0.5,1.44,0.26,0.58,0.0
494,Brad Tavares,17.0,7.0,0.0,3.0,0.4,2.76,0.55,1.03,0.27,0.77,0.0
495,Randy Couture,19.0,11.0,0.0,2.85,0.57,1.53,0.59,2.78,0.46,0.58,0.5
496,Allan Goes,10.0,5.0,2.0,0.64,0.52,1.35,0.41,1.75,0.4,0.0,2.6
497,Ross Pearson,20.0,16.0,0.0,3.68,0.4,4.09,0.62,0.74,0.35,0.75,0.0
498,Leandro Silva,20.0,6.0,1.0,2.39,0.48,2.08,0.63,1.76,0.37,0.65,0.4
499,Muhammed Lawal,21.0,6.0,0.0,3.79,0.52,1.61,0.66,5.96,0.75,0.87,0.0
500,James Thompson,20.0,16.0,0.0,5.13,0.52,3.19,0.41,3.14,0.36,0.53,1.3
501,Bartosz Fabinski,15.0,3.0,0.0,2.22,0.7,1.35,0.53,7.17,0.7,0.8,0.0
502,Rony Jason,14.0,7.0,0.0,2.04,0.44,3.14,0.53,0.59,0.3,0.36,0.8
503,Jack Marshman,23.0,9.0,0.0,2.64,0.28,3.54,0.57,0.0,0.0,0.2,0.0
504,Thiago Silva,19.0,6.0,0.0,3.92,0.5,2.55,0.67,1.03,0.47,0.7,0.7
505,Piotr Hallmann,18.0,6.0,0.0,3.98,0.45,3.17,0.58,2.55,0.44,0.7,0.4
506,Joseph Benavidez,28.0,7.0,0.0,3.54,0.34,2.62,0.62,1.48,0.3,0.65,0.6
507,Rani Yahya,26.0,10.0,1.0,1.59,0.36,1.74,0.5,2.86,0.32,0.24,2.0
508,Paul Buentello,35.0,17.0,0.0,3.29,0.45,3.83,0.52,0.19,0.33,0.39,0.4
509,Jimi Manuwa,17.0,6.0,0.0,3.43,0.54,3.97,0.49,0.53,0.18,0.7,0.4
510,Alex White,13.0,6.0,0.0,3.76,0.42,3.07,0.6,0.92,0.28,0.71,0.5
511,Bojan Velickovic,15.0,6.0,1.0,2.18,0.34,2.31,0.57,0.67,0.25,0.55,0.5
512,Daniel Sarafian,10.0,6.0,0.0,2.23,0.46,3.1,0.58,0.36,0.07,0.53,0.7
513,James Vick,13.0,5.0,0.0,4.13,0.39,3.31,0.6,0.26,0.33,0.57,0.7
514,Eiji Mitsuoka,18.0,9.0,2.0,1.49,0.49,2.26,0.45,2.3,0.36,0.2,1.6
515,Paulo Cesar Silva,2.0,6.0,0.0,0.4,0.15,2.72,0.47,0.42,1.0,0.16,0.4
516,Andrew Holbrook,12.0,3.0,0.0,2.2,0.49,3.0,0.54,0.85,0.18,0.1,2.1
517,Jonathan Martinez,12.0,3.0,0.0,4.22,0.5,3.46,0.57,0.64,0.37,0.46,0.0
518,Albert Morales,7.0,4.0,1.0,3.81,0.35,3.96,0.56,0.91,0.35,0.7,0.2
519,Brad Blackburn,18.0,13.0,1.0,4.55,0.35,3.59,0.65,0.93,0.5,0.76,0.7
520,Hirotaka Yokoi,11.0,5.0,0.0,1.52,0.33,3.42,0.38,1.87,0.41,0.66,0.4
521,Denis Kang,35.0,16.0,2.0,2.27,0.35,1.65,0.67,2.51,0.65,0.38,1.2
522,Ronny Markes,17.0,5.0,0.0,2.17,0.53,2.43,0.45,3.13,0.4,1.0,0.5
523,Veronica Macedo,6.0,4.0,1.0,3.13,0.39,5.06,0.43,0.57,0.18,0.46,0.6
524,Michael Bisping,30.0,9.0,0.0,4.33,0.38,2.71,0.65,1.05,0.43,0.63,0.3
525,Tsuyoshi Kohsaka,27.0,19.0,2.0,1.88,0.38,4.41,0.54,1.32,0.2,0.33,0.4
526,Kazuhiro Nakamura,21.0,13.0,0.0,1.56,0.37,1.83,0.59,1.73,0.36,0.42,0.6
527,Tim Sylvia,31.0,10.0,0.0,4.23,0.41,2.61,0.61,0.11,1.0,0.75,0.1
528,Edgar Garcia,14.0,5.0,0.0,3.16,0.29,4.23,0.6,2.21,0.57,0.5,0.6
529,Shungo Oyama,14.0,19.0,0.0,0.64,0.25,1.96,0.57,1.07,0.57,0.62,0.5
530,Myles Jury,17.0,4.0,0.0,2.94,0.42,2.16,0.66,2.16,0.55,0.5,0.3
531,Martin Kampmann,20.0,7.0,0.0,3.22,0.42,3.28,0.62,1.86,0.41,0.78,2.0
532,Wanderlei Silva,35.0,13.0,1.0,2.79,0.4,2.19,0.6,0.97,0.53,0.62,0.6
533,KJ Noons,13.0,9.0,0.0,3.68,0.35,3.78,0.65,0.08,0.2,0.68,0.0
534,Amanda Cooper,3.0,5.0,0.0,3.55,0.44,3.2,0.51,1.53,0.38,0.28,1.8
535,Jake Shields,31.0,9.0,1.0,2.45,0.36,1.8,0.56,2.83,0.29,0.35,1.2
536,Krzysztof Jotko,22.0,4.0,0.0,2.98,0.45,1.9,0.58,1.27,0.35,0.87,0.1
537,Tom Lawlor,10.0,6.0,0.0,2.5,0.42,2.41,0.6,2.46,0.32,0.57,1.4
538,Arnold Allen,16.0,1.0,0.0,3.19,0.41,2.0,0.67,1.36,0.52,0.76,0.5
539,Danny Roberts,17.0,5.0,0.0,3.41,0.44,3.08,0.55,0.18,0.06,0.53,0.4
540,Maurice Smith,12.0,14.0,0.0,0.41,0.46,0.47,0.6,0.89,0.5,0.2,0.9
541,Jared Cannonier,13.0,4.0,0.0,3.72,0.51,2.82,0.66,0.18,0.33,0.51,0.0
542,Siyar Bahadurzada,24.0,8.0,1.0,2.91,0.4,3.23,0.49,1.32,0.61,0.62,0.3
543,Dave Menne,45.0,17.0,2.0,1.84,0.44,1.99,0.42,0.46,0.5,0.57,2.5
544,Charles Rosa,13.0,4.0,0.0,3.41,0.37,3.9,0.49,2.01,0.33,0.45,0.9
545,Jennifer Maia,18.0,6.0,1.0,4.08,0.39,3.92,0.53,0.23,0.5,0.7,0.2
546,Rustam Khabilov,24.0,4.0,0.0,1.98,0.34,2.16,0.65,3.95,0.41,0.61,0.1
547,Al Iaquinta,14.0,6.0,1.0,4.06,0.4,4.44,0.61,0.64,0.18,0.74,0.2
548,Daiju Takase,12.0,15.0,2.0,0.49,0.3,1.64,0.47,0.84,0.17,0.21,1.2
549,Gregor Gillespie,13.0,1.0,0.0,3.58,0.49,2.14,0.6,7.02,0.47,0.0,0.9
550,Kevin Lee,18.0,6.0,0.0,3.9,0.42,3.23,0.51,3.21,0.43,0.75,0.8
551,Todd Duffee,9.0,3.0,0.0,5.93,0.37,2.87,0.56,0.72,0.25,0.9,0.0
552,Katlyn Chookagian,14.0,3.0,0.0,4.19,0.35,4.2,0.62,0.31,0.15,0.5,0.5
553,Keith Jardine,17.0,11.0,2.0,3.25,0.36,2.98,0.59,1.18,0.45,0.62,0.7
554,Steven Siler,29.0,16.0,0.0,3.21,0.41,2.96,0.54,0.47,0.21,0.55,1.6
555,Dennis Siver,23.0,11.0,0.0,3.87,0.32,2.67,0.65,0.87,0.32,0.65,0.3
556,Enson Inoue,12.0,8.0,0.0,1.7,0.63,1.88,0.3,0.0,0.0,0.33,0.0
557,Chris Weidman,15.0,5.0,0.0,3.03,0.43,3.15,0.52,3.93,0.47,0.65,0.9
558,Andre Soukhamthath,13.0,8.0,0.0,2.77,0.44,4.31,0.49,1.25,0.53,0.58,0.2
559,Daron Cruickshank,18.0,10.0,0.0,2.88,0.38,2.98,0.57,2.04,0.41,0.6,0.2
560,Ronda Rousey,12.0,2.0,0.0,4.17,0.52,4.14,0.44,6.26,0.68,0.5,4.8
561,Andrew Sanchez,13.0,5.0,0.0,4.57,0.44,4.92,0.5,2.16,0.32,1.0,0.0
562,Rose Namajunas,10.0,4.0,0.0,4.13,0.4,3.98,0.6,1.91,0.53,0.5,0.8
563,Sam Stout,20.0,12.0,1.0,4.17,0.28,4.08,0.57,0.63,0.38,0.77,0.1
564,Elias Silverio,13.0,3.0,0.0,3.67,0.49,2.97,0.51,1.62,0.38,0.85,0.2
565,Marc Diakiese,14.0,4.0,0.0,3.08,0.39,2.79,0.54,2.16,0.36,0.62,0.0
566,Justin Edwards,9.0,5.0,0.0,2.68,0.42,3.32,0.51,2.14,0.26,0.27,1.0
567,Jared Hamman,14.0,6.0,0.0,5.15,0.42,3.93,0.55,1.57,0.46,0.3,0.0
568,Garreth McLellan,13.0,6.0,0.0,3.56,0.54,2.94,0.45,1.15,0.22,0.34,0.9
569,Khabib Nurmagomedov,28.0,0.0,0.0,4.11,0.49,1.65,0.67,5.35,0.47,0.84,0.7
570,Elvis Sinosic,7.0,11.0,2.0,1.13,0.37,4.6,0.53,0.0,0.0,0.0,1.2
571,Michel Prazeres,26.0,3.0,0.0,2.44,0.47,2.49,0.58,4.11,0.36,0.5,0.6
572,Norifumi Yamamoto,18.0,6.0,0.0,2.09,0.45,2.01,0.57,0.41,0.22,0.45,0.0
573,Abel Trujillo,15.0,8.0,0.0,2.65,0.41,2.31,0.59,2.18,0.45,0.4,0.4
574,Matt Mitrione,12.0,5.0,0.0,3.55,0.5,2.79,0.64,0.0,0.0,0.55,0.7
575,Wagnney Fabiano,16.0,4.0,0.0,1.19,0.38,0.66,0.7,3.44,0.64,1.0,0.4
576,Damir Hadzovic,13.0,6.0,0.0,2.99,0.46,2.99,0.66,0.68,0.6,0.39,0.2
577,Dooho Choi,14.0,4.0,0.0,5.32,0.51,6.38,0.53,0.41,0.2,0.5,0.0
578,Daisuke Nakamura,28.0,19.0,1.0,0.94,0.3,1.38,0.61,0.46,0.4,0.3,3.6
579,Alexis Davis,19.0,10.0,0.0,4.27,0.46,4.18,0.55,0.74,0.33,0.32,0.8
580,Josh Barnett,35.0,8.0,0.0,3.2,0.5,2.11,0.57,1.26,0.55,0.55,1.4
581,Joe Stevenson,33.0,16.0,0.0,2.05,0.44,2.44,0.6,2.75,0.44,0.39,2.2
582,Rodrigo Damm,13.0,9.0,0.0,3.5,0.36,5.61,0.57,0.44,0.16,0.8,0.3
583,Sean O'Malley,12.0,1.0,0.0,6.35,0.57,3.76,0.64,1.05,0.5,0.61,1.1
584,Andre Fili,21.0,7.0,0.0,3.9,0.36,3.97,0.53,2.71,0.49,0.69,0.2
585,Manny Bermudez,14.0,2.0,0.0,2.92,0.61,2.68,0.46,3.06,0.54,0.0,3.1
586,Isaac Vallie-Flagg,16.0,7.0,1.0,5.56,0.47,5.6,0.45,0.2,0.12,0.58,0.0
587,Gilbert Burns,19.0,3.0,0.0,3.15,0.46,2.74,0.56,2.21,0.37,0.5,0.7
588,Albert Tumenov,18.0,4.0,0.0,3.76,0.42,3.34,0.58,0.2,0.2,0.75,0.0
589,Antonio Rodrigo Nogueira,34.0,10.0,1.0,1.95,0.42,2.4,0.55,1.3,0.29,0.36,2.4
590,Pat Barry,8.0,7.0,0.0,2.72,0.52,3.54,0.59,0.0,0.0,0.76,0.2
591,Christian Wellisch,8.0,5.0,0.0,3.12,0.27,3.04,0.56,1.22,0.42,0.45,1.2
592,Ricco Rodriguez,53.0,25.0,0.0,1.85,0.51,1.15,0.61,2.3,0.39,0.4,1.0
593,Luis Pena,8.0,3.0,0.0,3.26,0.47,2.74,0.5,1.37,0.33,0.45,1.4
594,Dustin Ortiz,19.0,8.0,0.0,2.94,0.44,2.17,0.56,3.01,0.36,0.52,0.1
595,Muslim Salikhov,17.0,2.0,0.0,2.85,0.46,2.29,0.67,0.87,0.3,0.8,0.0
596,Luke Sanders,13.0,3.0,0.0,6.0,0.51,4.05,0.54,0.37,0.25,0.7,0.4
597,Matthew Lopez,10.0,4.0,0.0,3.13,0.5,3.73,0.55,3.32,0.6,0.71,1.3
598,Alan Patrick,15.0,2.0,0.0,1.88,0.43,2.39,0.45,3.92,0.4,0.66,0.4
599,Luiz Firmino,19.0,8.0,0.0,1.23,0.5,1.22,0.51,3.86,0.45,0.2,0.9
600,Mirsad Bektic,13.0,3.0,0.0,2.59,0.41,1.89,0.58,3.32,0.47,0.92,0.5
601,Makoto Takimoto,6.0,5.0,0.0,1.37,0.39,1.71,0.55,1.48,0.5,0.25,1.1
602,Yoshihisa Yamamoto,14.0,25.0,1.0,1.65,0.38,3.05,0.53,1.0,0.2,0.5,0.6
603,Chad Griggs,11.0,3.0,0.0,2.67,0.5,2.22,0.46,1.51,0.66,0.41,0.0
604,Matt Brown,24.0,17.0,0.0,3.81,0.54,2.68,0.55,1.6,0.47,0.63,1.5
605,Ramsey Nijem,9.0,6.0,0.0,3.05,0.44,1.62,0.62,5.32,0.62,0.55,1.1
606,Marina Rodriguez,12.0,1.0,2.0,5.04,0.5,3.31,0.52,0.38,0.33,0.61,0.2
607,Nik Lentz,30.0,11.0,2.0,3.46,0.48,3.14,0.49,3.41,0.33,0.45,1.2
608,John Albert,6.0,5.0,0.0,3.05,0.49,2.82,0.35,0.0,0.0,0.5,6.1
609,Kyung Ho Kang,17.0,8.0,0.0,2.52,0.44,2.43,0.58,2.53,0.59,0.71,1.1
610,Dan Hooker,20.0,9.0,0.0,4.98,0.48,4.89,0.52,0.74,0.34,0.79,0.3
611,Marcus Brimage,7.0,7.0,0.0,3.97,0.35,3.64,0.56,0.56,1.0,0.8,0.0
612,Renzo Gracie,13.0,7.0,1.0,1.71,0.41,1.67,0.55,1.13,0.2,0.4,0.8
613,Marco Ruas,9.0,4.0,2.0,0.0,0.0,0.0,0.0,0.0,0.0,0.0,0.0
614,Tyson Griffin,16.0,8.0,0.0,3.71,0.41,2.3,0.65,1.87,0.46,0.59,0.9
615,Mark Kerr,15.0,11.0,0.0,0.28,0.41,0.89,0.28,2.92,0.77,0.0,0.4
616,Chad Laprise,13.0,4.0,0.0,4.78,0.42,3.59,0.65,1.05,0.54,0.78,0.0
617,Frank Shamrock,23.0,10.0,2.0,4.75,0.53,4.66,0.57,0.35,0.5,0.37,1.1
618,Emily Whitmire,4.0,4.0,0.0,2.71,0.3,3.08,0.54,1.1,0.5,0.7,0.6
619,JJ Aldrich,8.0,4.0,0.0,3.88,0.4,4.68,0.62,0.31,0.25,0.53,0.0
620,Karlos Vemola,17.0,5.0,0.0,1.67,0.44,2.13,0.37,1.93,0.25,0.31,1.7
621,Liz Carmouche,13.0,7.0,0.0,2.78,0.54,2.51,0.61,2.57,0.51,0.65,0.3
622,Daniel Roberts,15.0,7.0,0.0,0.73,0.2,2.27,0.46,2.46,0.44,0.4,2.5
623,Joanne Calderwood,14.0,5.0,0.0,6.17,0.48,4.31,0.52,1.9,0.57,0.55,0.5
624,Tito Ortiz,19.0,12.0,1.0,2.59,0.46,2.88,0.6,2.47,0.35,0.54,0.6
625,Zelg Galesic,11.0,9.0,0.0,4.86,0.62,0.61,0.66,1.3,1.0,0.2,1.3
626,Will Brooks,18.0,4.0,0.0,4.26,0.59,2.54,0.56,2.08,0.51,0.82,0.3
627,Trevor Prangley,34.0,11.0,2.0,2.59,0.6,2.02,0.48,3.38,0.55,0.74,1.0
628,Marcus Aurelio,22.0,10.0,0.0,1.42,0.33,2.27,0.59,1.69,0.27,0.27,1.3
629,Thibault Gouti,12.0,5.0,0.0,3.68,0.34,5.64,0.5,1.23,0.8,0.83,0.3
630,James Krause,26.0,9.0,0.0,4.65,0.48,4.09,0.6,1.05,0.18,0.5,1.0
631,Yushin Okami,34.0,12.0,0.0,2.06,0.38,2.25,0.6,1.98,0.39,0.84,0.5
632,Jason Saggo,12.0,4.0,0.0,2.5,0.39,2.94,0.52,2.33,0.4,0.23,0.0
633,Maximo Blanco,12.0,8.0,1.0,4.11,0.44,3.19,0.66,1.85,0.36,0.63,0.3
634,Kiyoshi Tamura,32.0,13.0,3.0,2.44,0.53,1.44,0.6,0.58,0.6,0.45,0.2
635,Aleksander Emelianenko,23.0,7.0,0.0,2.75,0.41,1.7,0.65,2.32,0.72,0.66,0.9
636,Adlan Amagov,14.0,2.0,1.0,3.29,0.47,0.82,0.78,5.84,0.56,1.0,0.0
637,Wilson Gouveia,14.0,8.0,0.0,3.02,0.39,4.06,0.56,0.9,0.66,0.57,2.2
638,Jake O'Brien,15.0,4.0,0.0,1.31,0.31,1.92,0.69,6.39,0.54,0.25,0.2
639,Polyana Viana,11.0,4.0,0.0,3.93,0.42,3.15,0.55,1.22,0.33,0.66,1.6
640,Gilbert Melendez,22.0,8.0,0.0,3.44,0.33,2.53,0.63,1.64,0.41,0.71,0.2
641,Anthony Perosh,15.0,10.0,0.0,2.27,0.43,3.77,0.53,2.03,0.22,0.33,1.1
642,Zabit Magomedsharipov,18.0,1.0,0.0,4.89,0.48,3.0,0.64,5.22,0.56,0.77,0.8
643,Rafael Cavalcante,12.0,7.0,0.0,2.71,0.53,3.62,0.49,0.6,0.4,0.63,0.1
644,Dan Miller,14.0,8.0,0.0,2.03,0.36,3.06,0.49,1.67,0.54,0.47,1.8
645,Junior Dos Santos,21.0,8.0,0.0,4.59,0.48,3.19,0.57,0.31,0.55,0.81,0.1
646,Joe Soto,18.0,7.0,0.0,3.36,0.41,5.37,0.67,0.85,0.21,0.7,1.9
647,Oluwale Bamgbose,6.0,4.0,0.0,2.45,0.48,2.7,0.55,0.94,0.33,0.37,0.0
648,Jorge Rivera,20.0,9.0,0.0,3.16,0.48,2.64,0.54,0.84,0.5,0.63,0.1
649,Yves Edwards,42.0,22.0,1.0,2.91,0.42,2.34,0.66,0.76,0.53,0.69,0.7
650,Zubaira Tukhugov,19.0,4.0,1.0,2.58,0.38,2.07,0.68,2.88,0.56,1.0,0.0
651,Chris Horodecki,21.0,7.0,1.0,4.59,0.41,3.16,0.65,1.52,0.55,0.37,0.9
652,Patrick Cote,23.0,11.0,0.0,2.81,0.48,3.21,0.48,0.68,0.2,0.43,0.2
653,George Roop,15.0,13.0,1.0,3.43,0.34,2.47,0.6,1.05,0.57,0.59,0.1
654,Leslie Smith,10.0,7.0,1.0,7.56,0.4,8.41,0.51,0.0,0.0,0.62,0.0
655,Chris Cariaso,17.0,8.0,0.0,3.35,0.43,2.23,0.61,1.11,0.39,0.57,0.8
656,Walt Harris,13.0,8.0,0.0,2.97,0.39,3.18,0.56,0.32,0.33,0.72,0.2
657,Javier Vazquez,16.0,5.0,0.0,2.43,0.36,1.99,0.72,2.56,0.52,0.57,1.5
658,Vernon White,26.0,33.0,2.0,2.11,0.38,2.2,0.54,0.88,0.28,0.44,0.0
659,Yair Rodriguez,13.0,2.0,0.0,4.33,0.45,3.13,0.57,0.9,0.29,0.63,0.9
660,Urijah Faber,35.0,11.0,0.0,2.65,0.4,2.59,0.64,1.54,0.3,0.58,0.8
661,Amanda Nunes,20.0,4.0,0.0,4.44,0.51,2.47,0.57,2.53,0.53,0.84,0.7
662,Conor McGregor,22.0,4.0,0.0,5.43,0.49,4.4,0.55,0.75,0.62,0.7,0.0
663,Lyoto Machida,24.0,8.0,0.0,2.59,0.53,1.57,0.61,1.21,0.65,0.75,0.4
664,Igor Pokrajac,28.0,13.0,0.0,2.25,0.45,4.26,0.4,0.87,0.29,0.51,0.2
665,Viktor Pesta,10.0,4.0,0.0,1.58,0.36,2.54,0.56,3.29,0.28,1.0,0.0
666,Doug Marshall,18.0,8.0,0.0,6.99,0.46,4.02,0.6,0.0,0.0,0.66,2.4
667,Thales Leites,28.0,9.0,0.0,2.13,0.4,2.99,0.52,2.1,0.27,0.3,1.1
668,David Teymur,8.0,2.0,0.0,4.69,0.43,3.53,0.55,0.94,0.33,0.77,0.0
669,Lorenz Larkin,18.0,6.0,0.0,3.53,0.46,2.74,0.63,0.27,0.42,0.79,0.1
670,Kamaru Usman,17.0,1.0,0.0,4.5,0.53,2.23,0.58,3.38,0.47,1.0,0.1
671,CB Dollaway,17.0,9.0,0.0,2.65,0.47,2.58,0.54,3.55,0.54,0.62,1.2
672,Julianna Pena,10.0,3.0,0.0,2.96,0.51,1.51,0.47,2.6,0.52,0.28,0.9
673,John Alessio,35.0,17.0,0.0,2.1,0.39,2.91,0.54,1.85,0.38,0.7,1.2
674,Matt Schnell,14.0,5.0,0.0,3.73,0.35,4.07,0.6,0.64,0.33,0.53,1.6
675,DaMarques Johnson,15.0,15.0,0.0,2.11,0.37,3.75,0.51,1.18,0.55,0.19,0.7
676,Edwin Figueroa,9.0,5.0,0.0,2.57,0.39,3.06,0.51,0.2,1.0,0.37,0.6
677,Andre Ewell,16.0,6.0,0.0,3.74,0.4,3.95,0.54,0.21,0.5,0.66,0.0
678,Matt Wiman,16.0,9.0,0.0,3.18,0.5,3.57,0.51,2.14,0.37,0.56,1.5
679,Kelvin Gastelum,16.0,6.0,0.0,3.72,0.43,3.0,0.59,0.87,0.37,0.63,0.1
680,Lyman Good,21.0,6.0,0.0,5.34,0.48,4.01,0.63,0.27,1.0,0.75,0.0
681,Jim Miller,32.0,15.0,0.0,2.73,0.4,2.99,0.59,1.69,0.43,0.46,1.9
682,Josh Neer,36.0,16.0,1.0,3.29,0.46,3.63,0.58,1.09,0.34,0.46,1.3
683,Alexander Gustafsson,18.0,7.0,0.0,4.02,0.4,3.42,0.51,1.54,0.39,0.83,0.4
684,Josh Koscheck,17.0,11.0,0.0,1.79,0.36,2.27,0.63,2.46,0.48,0.64,0.4
685,Oleg Taktarov,17.0,5.0,2.0,0.0,0.0,0.0,0.0,0.0,0.0,0.0,0.0
686,Marlon Moraes,23.0,6.0,1.0,3.53,0.39,3.69,0.58,0.46,0.25,0.66,0.5
687,Frank Camacho,22.0,9.0,0.0,6.67,0.46,7.31,0.52,1.17,0.45,0.72,0.0
688,Amar Suloev,24.0,7.0,0.0,1.98,0.37,2.19,0.7,0.27,1.0,0.88,0.3
689,TJ Grant,21.0,5.0,0.0,3.95,0.54,3.21,0.56,1.63,0.43,0.36,0.6
690,Ikuhisa Minowa,60.0,42.0,8.0,0.88,0.4,1.66,0.49,1.82,0.41,0.05,1.9
691,Bryan Barberena,14.0,7.0,0.0,5.65,0.48,5.0,0.44,0.26,0.33,0.47,0.3
692,Leon Edwards,18.0,3.0,0.0,2.53,0.47,2.05,0.55,1.39,0.31,0.7,0.4
693,Jessica Eye,15.0,8.0,0.0,3.65,0.36,3.54,0.58,0.4,0.45,0.56,0.6
694,Adriano Martins,28.0,9.0,0.0,1.8,0.38,2.14,0.65,0.83,0.8,0.81,0.4
695,Mike Brown,26.0,9.0,0.0,2.98,0.44,2.45,0.6,3.23,0.4,0.66,0.6
696,Olivier Aubin-Mercier,11.0,5.0,0.0,2.48,0.51,2.97,0.55,2.36,0.33,0.7,0.5
697,Uriah Hall,16.0,9.0,0.0,3.31,0.5,3.57,0.53,0.75,0.38,0.69,0.2
698,Phil Baroni,15.0,18.0,0.0,2.77,0.45,3.93,0.4,1.46,0.47,0.6,0.5
699,Nate Marquardt,35.0,19.0,2.0,2.71,0.49,2.32,0.55,1.87,0.51,0.7,0.8
700,Pablo Garza,12.0,4.0,0.0,3.37,0.44,2.7,0.5,0.94,0.25,0.15,1.3
701,Curtis Blaydes,14.0,2.0,0.0,3.55,0.53,1.73,0.57,6.98,0.55,0.33,0.0
702,Micah Miller,20.0,8.0,0.0,1.33,0.33,2.15,0.54,0.98,0.37,0.21,2.0
703,Rick Glenn,21.0,6.0,1.0,4.31,0.42,4.29,0.53,0.67,0.13,0.66,0.3
704,Fedor Emelianenko,36.0,5.0,0.0,3.18,0.51,1.0,0.63,2.0,0.63,0.82,1.9
705,Sara McMann,12.0,5.0,0.0,2.39,0.46,1.86,0.47,4.51,0.63,0.66,0.6
706,Sergei Kharitonov,26.0,6.0,0.0,3.9,0.44,3.03,0.54,1.16,0.53,0.7,1.0
707,Kevin Burns,12.0,7.0,0.0,2.74,0.38,4.3,0.52,0.28,0.5,0.47,0.8
708,Elias Theodorou,16.0,3.0,0.0,4.19,0.42,2.39,0.53,1.27,0.28,0.59,0.0
709,Tarec Saffiedine,16.0,7.0,0.0,4.05,0.47,3.06,0.62,0.52,0.36,0.84,0.1
710,Derrick Lewis,24.0,7.0,0.0,2.64,0.5,2.09,0.44,0.54,0.26,0.52,0.0
711,Eliot Marshall,10.0,4.0,0.0,1.93,0.27,2.39,0.67,0.47,0.33,0.79,0.9
712,Will Campuzano,14.0,6.0,0.0,2.43,0.31,3.82,0.57,0.88,0.45,0.48,0.2
713,Danny Castillo,17.0,10.0,0.0,2.57,0.42,1.96,0.62,2.95,0.38,0.63,0.2
714,Caio Magalhaes,10.0,3.0,0.0,2.27,0.4,2.78,0.56,1.05,0.15,0.58,1.6
715,Eric Schafer,14.0,8.0,2.0,1.89,0.34,3.38,0.56,1.81,0.36,0.5,1.8
716,Eric Spicely,12.0,6.0,0.0,3.71,0.45,5.72,0.55,1.31,0.2,0.75,1.0
717,Cathal Pendred,17.0,4.0,1.0,2.49,0.44,3.01,0.55,2.46,0.23,0.83,0.4
718,Kamal Shalorus,9.0,5.0,2.0,3.06,0.32,2.99,0.7,2.07,0.5,0.8,0.0
719,Chael Sonnen,29.0,15.0,1.0,3.08,0.43,1.1,0.62,3.81,0.59,0.66,0.4
720,Michal Oleksiejczuk,14.0,4.0,0.0,4.83,0.56,2.91,0.69,1.05,0.66,0.35,0.0
721,Song Yadong,16.0,4.0,1.0,4.32,0.42,3.57,0.56,0.73,0.75,0.61,0.5
722,Dustin Poirier,26.0,6.0,0.0,5.57,0.5,4.18,0.54,1.46,0.35,0.6,1.3
723,Robbie Lawler,28.0,15.0,0.0,3.5,0.45,4.16,0.6,0.68,0.64,0.64,0.0
724,Aleksandar Rakic,13.0,2.0,0.0,4.66,0.54,1.99,0.53,0.93,0.28,0.89,0.2
725,Ken Stone,11.0,4.0,0.0,3.85,0.49,2.9,0.48,1.24,0.33,0.6,0.6
726,Georges St-Pierre,26.0,2.0,0.0,3.78,0.53,1.4,0.72,4.16,0.74,0.83,1.1
727,Josh Emmett,16.0,2.0,0.0,4.32,0.39,4.02,0.63,1.43,0.47,0.5,0.1
728,Justin Salas,12.0,7.0,0.0,3.42,0.43,2.96,0.68,2.43,0.2,0.0,0.0
729,Nick Osipczak,6.0,3.0,0.0,2.83,0.5,3.77,0.5,1.2,0.45,0.71,1.0
730,Akira Shoji,14.0,17.0,5.0,1.03,0.34,2.63,0.53,1.79,0.73,0.82,0.4
731,Robert Peralta,18.0,8.0,0.0,3.76,0.44,2.97,0.53,0.59,0.66,0.65,0.0
732,Claudia Gadelha,18.0,4.0,0.0,3.4,0.41,4.53,0.57,3.13,0.45,0.58,0.7
733,Mike Whitehead,27.0,8.0,0.0,1.62,0.33,2.36,0.59,3.59,0.43,0.77,0.3
734,Sammy Morgan,18.0,12.0,0.0,1.05,0.22,3.74,0.4,1.43,0.2,0.0,0.5
735,Kazuo Misaki,25.0,11.0,2.0,2.85,0.4,2.74,0.63,0.72,0.38,0.51,0.6
736,Marco Beltran,8.0,6.0,0.0,2.07,0.37,1.93,0.63,0.7,0.5,0.46,0.2
737,Jerry Bohlander,11.0,4.0,0.0,0.0,0.0,0.0,0.0,0.0,0.0,0.0,0.0
738,Marcus Hicks,10.0,4.0,0.0,1.42,0.43,3.06,0.61,2.7,0.53,0.25,4.0
739,Scott Smith,18.0,11.0,0.0,1.9,0.27,5.87,0.5,0.12,0.06,0.58,0.5
740,Mike van Arsdale,8.0,5.0,0.0,1.52,0.41,1.91,0.41,1.06,0.14,0.37,0.0
741,Aspen Ladd,9.0,1.0,0.0,5.22,0.55,4.84,0.46,2.45,0.75,0.66,1.2
742,Laverne Clark,27.0,21.0,1.0,0.0,0.0,0.0,0.0,0.0,0.0,0.0,0.0
743,Karo Parisyan,24.0,11.0,0.0,2.49,0.41,2.19,0.58,5.27,0.59,0.59,1.0
744,Irene Aldana,12.0,5.0,0.0,6.16,0.38,5.92,0.63,0.28,0.5,0.93,0.1
745,Murilo Rua,20.0,13.0,1.0,2.48,0.45,1.85,0.53,1.97,0.45,0.37,1.2
746,Chuck Liddell,21.0,8.0,0.0,2.97,0.35,2.71,0.56,0.44,0.75,0.81,0.0
747,Tatiana Suarez,9.0,0.0,0.0,4.82,0.65,1.45,0.48,6.47,0.62,1.0,0.6
748,Ricardo Ramos,14.0,3.0,0.0,3.0,0.39,3.28,0.58,1.99,0.56,0.71,0.7
749,Jason MacDonald,25.0,16.0,0.0,1.55,0.52,2.7,0.46,1.43,0.16,0.35,2.0
750,Chase Beebe,24.0,13.0,1.0,2.17,0.38,1.64,0.69,2.49,0.42,0.41,0.9
751,Jan Blachowicz,26.0,8.0,0.0,3.45,0.48,2.77,0.54,1.16,0.52,0.65,0.3
752,Shane del Rosario,11.0,2.0,0.0,3.93,0.6,2.97,0.54,1.2,0.4,0.16,2.4
753,Anthony Pettis,23.0,10.0,0.0,3.04,0.46,3.52,0.53,0.64,0.52,0.59,1.1
754,Calvin Kattar,22.0,4.0,0.0,5.01,0.41,5.66,0.56,0.47,0.37,0.88,0.0
755,Marcus Davis,22.0,11.0,0.0,2.72,0.39,2.79,0.65,1.6,0.48,0.47,1.4
756,Johny Hendricks,18.0,8.0,0.0,3.49,0.45,3.99,0.53,3.83,0.46,0.63,0.3
757,Jussier Formiga,23.0,8.0,0.0,1.42,0.39,2.34,0.64,1.82,0.35,0.87,0.6
758,Mark Hunt,13.0,14.0,1.0,2.81,0.43,2.9,0.51,0.51,0.55,0.64,0.2
759,Brandon Vera,15.0,7.0,0.0,3.03,0.56,2.81,0.52,0.7,0.53,0.59,0.2
760,Roger Bowling,12.0,6.0,0.0,3.9,0.47,3.86,0.51,3.09,0.43,0.27,0.9
761,Tecia Torres,11.0,5.0,0.0,4.12,0.47,3.35,0.62,0.61,0.13,0.55,0.1
762,Sheymon Moraes,11.0,4.0,0.0,3.0,0.42,3.64,0.63,0.0,0.0,0.53,0.0
763,Junior Assuncao,16.0,6.0,0.0,3.31,0.62,2.06,0.44,2.43,0.24,0.66,0.7
764,Ryan Gracie,5.0,2.0,0.0,0.82,0.61,0.5,0.4,2.83,0.75,0.25,0.9
765,Luigi Fioravanti,26.0,15.0,0.0,2.23,0.42,2.21,0.69,3.76,0.63,0.67,0.9
766,Trevor Smith,15.0,10.0,0.0,3.29,0.55,3.31,0.51,1.7,0.32,0.6,0.7
767,Sijara Eubanks,6.0,4.0,0.0,4.95,0.41,3.32,0.6,2.0,0.5,0.66,0.0
768,Mike Rodriguez,11.0,4.0,0.0,4.59,0.54,3.58,0.44,0.0,0.0,0.38,0.0
769,Rob Font,17.0,4.0,0.0,5.11,0.41,3.89,0.63,1.25,0.36,0.5,0.8
770,Wilson Reis,23.0,10.0,0.0,1.83,0.29,3.04,0.55,5.15,0.42,0.47,0.6
771,Mitch Clarke,11.0,5.0,0.0,2.35,0.34,3.27,0.47,0.64,0.15,0.5,0.4
772,Gegard Mousasi,42.0,6.0,2.0,3.75,0.5,1.21,0.68,1.59,0.6,0.59,1.1
773,Rob Emerson,18.0,12.0,0.0,2.5,0.3,2.83,0.64,2.02,0.52,0.65,0.4
774,Mike de la Torre,14.0,7.0,0.0,3.21,0.39,4.75,0.51,0.36,0.16,0.83,0.0
775,Mike Swick,15.0,6.0,0.0,2.36,0.37,2.29,0.54,1.06,0.5,0.61,0.6
776,Chris Gutierrez,15.0,3.0,2.0,4.23,0.58,2.11,0.62,0.47,0.5,0.76,0.2
777,Jon Tuck,10.0,5.0,0.0,3.0,0.4,3.74,0.6,0.42,0.33,0.5,1.0
778,Santiago Ponzinibbio,28.0,3.0,0.0,4.27,0.39,4.02,0.64,0.54,0.44,0.6,0.0
779,Cody Stamann,19.0,3.0,1.0,4.14,0.48,3.18,0.63,3.03,0.46,0.8,0.0
780,Masakazu Imanari,36.0,16.0,2.0,0.55,0.3,1.74,0.57,0.0,0.0,0.0,2.1
781,Philip De Fries,12.0,6.0,0.0,2.3,0.47,3.0,0.37,3.29,0.42,1.0,0.6
782,Alexa Grasso,12.0,3.0,0.0,5.35,0.42,3.76,0.63,0.32,0.4,0.63,0.5
783,Bobby Green,26.0,10.0,1.0,5.22,0.5,3.52,0.63,1.33,0.36,0.73,0.4
784,Corey Anderson,14.0,5.0,0.0,4.43,0.46,2.22,0.59,4.89,0.5,0.83,0.0
785,Eddie Sanchez,15.0,8.0,0.0,3.45,0.43,3.3,0.43,1.13,0.26,0.42,0.0
786,Joaquim Silva,11.0,3.0,0.0,3.92,0.37,4.43,0.56,0.24,0.5,0.64,0.7
787,Claudio Silva,14.0,1.0,0.0,2.8,0.51,2.17,0.45,3.32,0.33,0.5,2.1
788,Scott Askham,14.0,4.0,0.0,3.03,0.46,3.52,0.52,0.44,0.18,0.65,0.7
789,Blagoy Ivanov,18.0,4.0,0.0,3.32,0.4,4.15,0.54,1.06,0.54,0.75,0.2
790,Marcos Rogerio de Lima,17.0,7.0,1.0,3.78,0.54,2.63,0.54,0.76,0.6,0.36,0.8
791,Jessica Aguilar,20.0,8.0,0.0,4.93,0.5,7.19,0.53,0.94,0.25,0.5,0.2
792,Houston Alexander,17.0,15.0,1.0,3.06,0.54,3.2,0.52,1.19,0.57,0.33,0.0
793,Mike Easton,13.0,6.0,0.0,3.51,0.37,4.28,0.61,0.75,0.22,0.66,0.0
794,Cory Sandhagen,12.0,2.0,0.0,6.95,0.48,4.08,0.58,1.2,0.5,0.33,0.6
795,Brian Kelleher,21.0,11.0,0.0,4.48,0.4,6.0,0.53,1.21,0.25,0.76,0.6
796,Ken Shamrock,28.0,17.0,2.0,1.47,0.46,4.3,0.39,0.94,0.6,0.44,2.5
797,Ian Heinisch,14.0,3.0,0.0,3.62,0.52,2.85,0.59,1.16,0.19,0.62,0.5
798,Carmelo Marrero,16.0,6.0,0.0,0.84,0.34,2.04,0.54,3.21,0.36,0.36,0.9
799,Paul Sass,14.0,2.0,0.0,0.53,0.26,1.9,0.51,0.53,0.16,0.33,7.4
800,Randy Brown,12.0,4.0,0.0,3.67,0.47,2.8,0.53,1.0,0.46,0.71,0.6
801,Karolina Kowalkiewicz,12.0,6.0,0.0,5.27,0.39,5.65,0.56,0.1,0.12,0.75,0.1
802,Erick Silva,19.0,9.0,0.0,2.5,0.48,4.18,0.49,0.85,0.35,0.56,1.4
803,Chan Sung Jung,16.0,5.0,0.0,4.58,0.41,3.73,0.6,0.78,0.41,0.77,0.6
804,Rich Clementi,45.0,23.0,1.0,1.43,0.37,2.29,0.6,1.72,0.42,0.25,1.1
805,Melvin Guillard,32.0,18.0,2.0,2.96,0.4,1.85,0.66,1.3,0.63,0.61,0.2
806,Nam Phan,21.0,17.0,0.0,4.52,0.37,6.55,0.59,0.18,0.18,0.6,0.2
807,Rafael Dos Anjos,29.0,13.0,0.0,3.47,0.45,3.18,0.62,1.82,0.39,0.58,0.6
808,Drew McFedries,12.0,7.0,0.0,5.13,0.51,4.56,0.52,1.42,1.0,0.56,0.7
809,Gian Villante,17.0,12.0,0.0,4.32,0.44,5.29,0.55,0.49,0.23,0.83,0.0
810,Augusto Sakai,15.0,1.0,1.0,5.45,0.46,3.89,0.55,0.19,0.5,0.83,0.0
811,Stephan Bonnar,15.0,9.0,0.0,2.76,0.38,3.01,0.52,1.32,0.4,0.6,1.0
812,Shamil Abdurakhimov,20.0,5.0,0.0,2.45,0.44,2.45,0.58,1.23,0.24,0.47,0.2
813,James Head,9.0,4.0,0.0,2.75,0.48,3.11,0.49,0.41,1.0,0.66,0.8
814,Anthony Figueroa,11.0,8.0,1.0,2.37,0.48,3.77,0.49,0.0,0.0,0.58,0.0
815,Mitsuhiro Ishida,20.0,8.0,1.0,1.46,0.41,1.13,0.61,4.76,0.53,0.33,0.7
816,Erik Koch,16.0,6.0,0.0,2.33,0.42,2.82,0.47,1.02,0.42,0.81,1.0
817,Kurt Holobaugh,17.0,7.0,0.0,4.51,0.42,4.28,0.46,0.97,0.36,0.45,0.7
818,Kajan Johnson,23.0,13.0,1.0,2.47,0.42,1.59,0.64,1.54,0.37,0.62,0.2
819,Kazuyuki Miyata,15.0,9.0,0.0,2.04,0.52,1.82,0.63,4.31,0.46,0.68,0.0
820,Daniel Cormier,22.0,3.0,0.0,4.25,0.52,2.92,0.54,1.83,0.44,0.8,0.4
821,Stevie Ray,23.0,9.0,0.0,3.73,0.44,2.93,0.54,0.75,0.46,0.55,0.6
822,George Sullivan,17.0,7.0,0.0,3.53,0.39,2.42,0.57,1.37,0.2,0.38,0.7
823,Nobuhiko Takada,2.0,6.0,2.0,0.31,0.24,1.92,0.39,1.15,0.2,0.0,0.0
824,Sanae Kikuta,31.0,9.0,3.0,0.7,0.45,0.9,0.52,1.6,0.63,0.25,1.8
825,Duane Ludwig,21.0,14.0,0.0,4.62,0.44,3.05,0.57,0.43,0.25,0.59,0.1
826,Tom Erikson,9.0,4.0,1.0,0.94,0.47,1.87,0.25,4.68,0.6,1.0,6.2
827,Thiago Alves,23.0,15.0,0.0,3.73,0.41,3.42,0.62,0.71,0.6,0.63,0.3
828,Louis Gaudinot,8.0,4.0,0.0,2.34,0.37,6.42,0.48,0.57,0.4,0.31,1.1
829,Cat Zingano,10.0,4.0,0.0,2.57,0.61,1.63,0.47,2.77,0.65,0.42,0.8
830,Hector Lombard,34.0,10.0,1.0,3.02,0.46,3.35,0.53,1.69,0.48,0.77,0.5
831,Raphael Assuncao,27.0,8.0,0.0,3.26,0.4,2.33,0.68,1.48,0.38,0.8,0.3
832,Joe Duffy,16.0,5.0,0.0,2.68,0.34,3.78,0.54,0.96,0.66,0.64,0.7
833,Brandon Davis,10.0,8.0,0.0,4.65,0.35,4.33,0.6,0.71,0.45,0.56,0.1
834,Brock Lesnar,5.0,3.0,0.0,3.53,0.72,2.11,0.5,3.9,0.55,0.6,0.5
835,Michihiro Omigawa,17.0,14.0,1.0,2.01,0.39,3.06,0.64,1.19,0.36,0.49,1.5
836,Caros Fodor,11.0,6.0,0.0,2.76,0.54,2.83,0.54,2.1,0.25,0.5,0.0
837,Dominick Cruz,22.0,3.0,0.0,3.52,0.32,2.28,0.73,3.05,0.48,0.83,0.1
838,Antonio Schembri,5.0,5.0,0.0,0.72,0.26,2.12,0.55,1.31,0.4,0.0,0.4
839,Frank Trigg,21.0,9.0,0.0,2.79,0.46,1.9,0.56,2.35,0.47,0.75,0.8
840,Blas Avena,8.0,7.0,0.0,2.34,0.47,3.36,0.43,2.37,0.8,0.5,1.8
841,Michael Chiesa,17.0,4.0,0.0,2.07,0.39,1.95,0.52,3.84,0.51,0.68,1.1
842,Montel Jackson,9.0,2.0,0.0,3.67,0.55,1.35,0.57,4.26,0.77,0.66,0.2
843,Paulo Costa,13.0,0.0,0.0,8.43,0.57,6.84,0.53,0.0,0.0,0.8,0.0
844,Antonio Silva,19.0,12.0,1.0,2.89,0.45,3.09,0.5,0.82,0.29,0.66,0.8
845,Joshua Burkman,28.0,16.0,0.0,2.69,0.43,3.13,0.51,2.53,0.36,0.72,0.3
846,Katsuyori Shibata,4.0,11.0,1.0,2.06,0.35,2.4,0.53,0.49,0.5,0.53,0.7
847,Matt Ricehouse,6.0,1.0,0.0,3.7,0.44,4.8,0.47,1.0,0.22,0.81,0.0
848,Diego Ferreira,17.0,2.0,0.0,5.07,0.36,3.11,0.61,1.04,0.27,0.7,1.0
849,Gesias Cavalcante,21.0,10.0,1.0,1.98,0.35,3.11,0.51,1.25,0.36,0.66,1.1
850,Court McGee,20.0,9.0,0.0,4.86,0.35,3.8,0.61,1.71,0.21,0.63,0.4
851,John Moraga,19.0,7.0,0.0,2.57,0.43,2.55,0.56,0.62,0.23,0.44,1.1
852,Fredson Paixao,10.0,5.0,0.0,1.71,0.54,2.31,0.62,0.62,0.11,0.1,2.2
853,Mizuto Hirota,18.0,10.0,2.0,3.36,0.4,3.5,0.54,1.36,0.5,0.58,0.1
854,Todd Moore,16.0,7.0,0.0,1.83,0.26,2.3,0.57,0.78,0.14,0.54,0.0
855,Vitor Ribeiro,20.0,5.0,0.0,1.0,0.28,1.95,0.48,1.58,0.26,1.0,1.2
856,Ion Cutelaba,15.0,5.0,0.0,5.29,0.39,3.26,0.48,2.59,0.71,0.8,0.0
857,John Lineker,31.0,9.0,0.0,5.36,0.4,4.27,0.56,0.56,0.58,0.67,0.6
858,Andrei Arlovski,29.0,19.0,0.0,3.54,0.44,2.69,0.59,0.5,0.36,0.79,0.3
859,Julian Erosa,24.0,9.0,0.0,4.92,0.46,5.67,0.5,1.34,0.54,0.58,0.9
860,Mackens Semerzier,8.0,4.0,0.0,2.91,0.45,3.48,0.46,2.14,0.5,0.5,2.1
861,Ketlen Vieira,10.0,1.0,0.0,2.74,0.35,3.82,0.57,2.03,0.57,0.92,0.8
862,Kiichi Kunimoto,18.0,7.0,2.0,1.87,0.44,3.92,0.41,1.59,0.2,0.28,0.3
863,David Abbott,10.0,15.0,0.0,1.35,0.3,3.55,0.38,1.07,0.33,0.66,0.0
864,Devin Clark,12.0,4.0,0.0,3.4,0.57,2.47,0.48,2.76,0.36,0.83,0.1
865,Amir Sadollah,6.0,5.0,0.0,4.71,0.46,3.55,0.6,0.57,0.27,0.6,0.3
866,Carlos Condit,30.0,13.0,0.0,3.56,0.39,2.34,0.57,0.58,0.55,0.36,1.2
867,Johnny Eduardo,28.0,12.0,0.0,2.89,0.38,3.34,0.63,0.0,0.0,0.62,0.5
868,Paul Craig,13.0,4.0,1.0,2.3,0.48,2.56,0.48,1.61,0.21,0.55,1.6
869,Mike Perry,14.0,6.0,0.0,4.36,0.48,4.41,0.56,0.66,0.46,0.76,0.0
870,Keith Wisniewski,28.0,15.0,1.0,2.32,0.52,4.86,0.42,1.57,0.4,0.78,0.3
871,Khalil Rountree Jr.,9.0,4.0,0.0,3.01,0.4,2.85,0.47,0.0,0.0,0.46,0.2
872,Dong Hyun Ma,16.0,11.0,3.0,2.84,0.41,4.1,0.54,1.27,0.53,0.33,0.0
873,Joe Riggs,44.0,17.0,0.0,2.41,0.51,1.69,0.57,2.45,0.55,0.62,0.6
874,Omari Akhmedov,20.0,5.0,1.0,2.92,0.34,2.69,0.57,2.56,0.5,0.65,0.2
875,Vinny Magalhaes,14.0,9.0,0.0,2.14,0.24,3.97,0.68,1.55,0.44,0.66,0.8
876,Fabricio Camoes,14.0,9.0,1.0,1.29,0.33,1.85,0.61,2.34,0.32,0.2,1.5
877,Jeremy Horn,91.0,22.0,5.0,1.19,0.39,1.99,0.55,1.83,0.38,0.29,1.1
878,Jonathan Goulet,23.0,12.0,0.0,1.61,0.41,2.01,0.46,4.17,0.7,0.45,0.6
879,Brandon Moreno,17.0,5.0,1.0,3.0,0.34,2.94,0.63,1.75,0.4,0.69,0.5
880,Eugene Jackson,15.0,9.0,1.0,2.19,0.33,3.44,0.32,1.91,0.71,0.16,2.3
881,Luke Barnatt,13.0,4.0,0.0,4.43,0.36,3.87,0.59,0.63,0.42,0.63,0.4
882,Justin Willis,8.0,2.0,0.0,3.37,0.59,2.57,0.57,0.96,0.66,0.36,0.0
883,Naoyuki Kotani,34.0,14.0,7.0,1.02,0.31,2.89,0.5,0.83,0.16,0.46,0.8
884,Terry Martin,23.0,11.0,0.0,2.82,0.43,3.13,0.54,3.1,0.42,0.92,0.0
885,Chris Camozzi,24.0,13.0,0.0,3.57,0.44,2.96,0.56,0.27,0.19,0.57,0.5
886,Yan Cabral,13.0,3.0,0.0,2.02,0.47,1.98,0.62,2.89,0.35,0.37,1.2
887,Hyun Gyu Lim,13.0,7.0,1.0,4.45,0.41,5.07,0.51,0.23,1.0,0.73,0.2
888,James Moontasri,9.0,5.0,0.0,2.39,0.48,3.86,0.4,0.0,0.0,0.79,0.2
889,Thiago Moises,13.0,4.0,0.0,2.68,0.43,3.54,0.57,1.1,0.28,0.68,1.6
890,Marlon Vera,16.0,6.0,1.0,3.7,0.48,4.05,0.52,0.86,0.42,0.69,1.2
891,Ben Rothwell,38.0,12.0,0.0,3.37,0.43,4.44,0.46,0.68,0.33,0.69,0.3
892,Rogerio Nogueira,23.0,10.0,0.0,2.43,0.35,2.34,0.59,0.64,0.44,0.62,0.8
893,Semmy Schilt,26.0,14.0,1.0,1.2,0.5,1.31,0.53,0.0,0.0,0.47,1.1
894,Seth Petruzelli,14.0,8.0,0.0,2.17,0.41,2.08,0.55,0.46,0.5,0.47,2.3
895,Yves Jabouin,20.0,11.0,0.0,3.06,0.41,2.93,0.62,1.94,0.6,0.82,0.1
896,Gerald Meerschaert,31.0,13.0,0.0,3.31,0.42,3.58,0.51,2.34,0.43,0.46,1.7
897,Beneil Dariush,19.0,4.0,1.0,3.98,0.49,2.63,0.59,1.75,0.32,0.8,1.1
898,David Mitchell,22.0,7.0,0.0,1.74,0.32,2.06,0.55,0.66,0.5,0.29,2.0
899,Anthony Hamilton,15.0,9.0,0.0,3.91,0.65,3.02,0.45,2.62,0.42,0.78,0.0
900,Dominique Steele,14.0,9.0,0.0,2.32,0.49,2.42,0.5,2.95,0.42,0.76,0.0
901,Ivan Menjivar,25.0,12.0,0.0,2.78,0.37,2.76,0.65,0.56,0.28,0.38,1.0
902,Randa Markos,10.0,9.0,1.0,2.96,0.41,3.31,0.6,1.35,0.28,0.58,0.2
903,Sam Hoger,10.0,4.0,0.0,1.07,0.25,2.25,0.57,1.12,0.38,0.29,1.3
904,Miguel Torres,44.0,9.0,0.0,3.98,0.43,1.86,0.74,0.0,0.0,0.17,1.6
905,Rodrigo Gracie,6.0,2.0,1.0,1.34,0.51,0.86,0.46,1.49,0.5,0.75,0.4
906,Enrique Barzola,17.0,5.0,2.0,3.91,0.41,2.97,0.68,4.2,0.45,0.66,0.3
907,Maryna Moroz,10.0,3.0,0.0,4.09,0.31,4.15,0.53,0.56,0.18,0.47,0.4
908,Pete Sell,10.0,7.0,0.0,2.6,0.42,3.65,0.51,0.91,0.21,0.47,0.9
909,Sean O'Connell,17.0,9.0,0.0,5.46,0.48,6.77,0.45,0.0,0.0,0.3,0.5
910,Akira Corassani,12.0,6.0,0.0,3.25,0.45,4.91,0.5,0.7,0.28,0.86,0.0
911,Nick Catone,10.0,4.0,0.0,2.11,0.44,2.32,0.63,3.71,0.44,0.83,0.5
912,Henry Miller,6.0,16.0,0.0,1.25,0.36,2.16,0.54,0.55,0.25,0.6,0.0
913,Gillian Robertson,8.0,4.0,0.0,1.96,0.48,2.38,0.55,3.33,0.52,0.0,1.2
914,Makwan Amirkhani,16.0,4.0,0.0,1.55,0.46,2.73,0.5,3.45,0.36,0.57,1.6
915,Andrea Lee,11.0,4.0,0.0,5.4,0.48,3.8,0.65,1.4,0.38,0.61,0.6
916,Kenny Robertson,15.0,5.0,0.0,3.72,0.47,3.02,0.52,1.37,0.26,0.57,0.8
917,Travis Browne,18.0,7.0,1.0,2.93,0.41,4.31,0.42,1.21,0.68,0.75,0.2
918,Manvel Gamburyan,15.0,10.0,0.0,2.13,0.41,2.83,0.55,3.26,0.34,0.69,0.7
919,Cody McKenzie,16.0,10.0,0.0,1.74,0.34,2.5,0.67,2.5,0.25,0.14,2.5
920,Jorge Masvidal,35.0,14.0,0.0,4.2,0.47,3.0,0.65,1.57,0.59,0.77,0.4
921,Roy Nelson,22.0,14.0,0.0,2.18,0.36,4.79,0.46,1.14,0.27,0.65,0.1
922,Ryan Bader,23.0,5.0,0.0,2.82,0.43,1.39,0.71,3.37,0.44,0.8,0.4
923,Kenny Florian,14.0,6.0,0.0,2.41,0.4,1.85,0.63,2.22,0.33,0.6,1.3
924,Justine Kish,7.0,2.0,0.0,4.28,0.49,3.73,0.62,1.0,0.35,0.55,0.2
925,Reza Madadi,14.0,6.0,0.0,2.51,0.46,3.31,0.66,3.17,0.33,0.89,0.5
926,Davey Grant,12.0,4.0,0.0,3.67,0.48,2.32,0.63,2.59,0.47,0.66,0.2
927,Cub Swanson,26.0,11.0,0.0,4.59,0.49,3.65,0.61,1.06,0.5,0.6,0.5
928,Damacio Page,19.0,10.0,0.0,2.05,0.38,2.47,0.51,2.63,0.64,0.23,0.9
929,Yoel Romero,13.0,5.0,0.0,3.44,0.49,3.05,0.6,1.57,0.3,0.78,0.0
930,James Terry,19.0,9.0,0.0,3.23,0.32,4.77,0.64,3.31,0.36,0.75,0.0
931,Matt Serra,11.0,7.0,0.0,1.98,0.39,2.64,0.46,2.05,0.2,0.38,0.9
932,John Maguire,24.0,9.0,0.0,1.41,0.41,2.44,0.65,2.8,0.46,0.77,1.1
933,Ricardo Almeida,13.0,5.0,0.0,2.02,0.49,1.2,0.61,3.74,0.38,0.31,1.2
934,Lando Vannata,11.0,5.0,2.0,4.58,0.44,5.1,0.54,1.13,0.37,0.58,0.4
935,John Makdessi,17.0,7.0,0.0,5.36,0.51,3.76,0.7,0.0,0.0,0.88,0.0
936,Gleison Tibau,33.0,14.0,0.0,1.95,0.31,2.51,0.63,4.08,0.53,0.92,0.8
937,Rory MacDonald,19.0,4.0,0.0,3.75,0.42,2.8,0.62,1.77,0.47,0.88,0.4
938,Darren Stewart,12.0,5.0,0.0,2.97,0.43,2.47,0.54,1.32,0.42,0.64,0.2
939,Leonardo Santos,18.0,4.0,1.0,2.76,0.44,2.71,0.6,1.09,0.27,0.88,0.4
940,Luke Rockhold,16.0,5.0,0.0,4.18,0.48,2.43,0.56,0.67,0.3,0.68,1.1
941,Evan Dunham,18.0,9.0,1.0,5.33,0.39,3.54,0.61,1.82,0.33,0.79,1.0
942,Paul Kelly,14.0,5.0,0.0,3.22,0.37,2.61,0.59,1.34,0.6,0.3,1.5
943,Gina Carano,7.0,1.0,0.0,4.5,0.47,2.66,0.64,1.24,0.66,0.85,1.6
944,Josh Grispi,14.0,5.0,0.0,1.44,0.41,3.71,0.5,1.97,0.36,0.16,2.2
945,Edson Barboza,20.0,9.0,0.0,4.08,0.43,4.22,0.59,0.46,0.44,0.8,0.1
946,Max Holloway,21.0,6.0,0.0,6.47,0.44,4.52,0.61,0.22,0.83,0.83,0.4
947,Dan Hardy,25.0,10.0,0.0,2.46,0.35,3.44,0.51,0.73,0.35,0.35,0.4
948,Lucie Pudilova,8.0,6.0,0.0,4.15,0.36,4.09,0.52,0.16,0.12,0.61,0.6
949,Antoni Hardonk,8.0,6.0,0.0,3.4,0.61,3.07,0.46,0.0,0.0,0.4,0.9
950,Darren Till,18.0,3.0,1.0,2.27,0.46,2.99,0.58,0.54,0.41,0.82,0.0
951,Mark Hall,5.0,6.0,0.0,0.0,0.0,0.0,0.0,0.0,0.0,0.0,0.0
952,BJ Penn,16.0,14.0,2.0,2.76,0.48,3.2,0.56,1.19,0.55,0.74,0.5
953,Falaniko Vitale,30.0,11.0,0.0,1.88,0.49,3.68,0.47,0.72,0.33,0.86,0.0
954,Chris Brennan,21.0,13.0,1.0,0.6,0.4,0.97,0.5,0.0,0.0,0.25,2.1
955,Lucas Martins,19.0,3.0,0.0,2.87,0.35,4.14,0.6,0.0,0.0,0.76,0.5
956,Igor Vovchanchyn,55.0,10.0,0.0,1.59,0.49,0.97,0.63,1.19,0.66,0.5,0.5
957,Zak Ottow,17.0,7.0,0.0,2.63,0.36,2.73,0.58,0.97,0.29,0.57,0.4
958,Yancy Medeiros,15.0,7.0,0.0,4.05,0.35,5.38,0.46,0.12,0.25,0.76,0.5
959,Takanori Gomi,35.0,14.0,0.0,3.81,0.41,3.52,0.6,1.23,0.65,0.63,0.8
960,Constantinos Philippou,13.0,5.0,0.0,2.19,0.35,2.73,0.54,0.4,0.42,0.65,0.3
961,Damien Brown,17.0,12.0,0.0,3.66,0.38,4.86,0.5,0.68,0.27,0.53,0.7
962,Leandro Issa,13.0,6.0,0.0,2.08,0.37,3.17,0.58,2.38,0.22,0.5,1.2
963,Jalin Turner,9.0,5.0,0.0,5.95,0.48,3.91,0.49,0.46,0.5,0.76,1.8
964,Brian Ortega,14.0,1.0,0.0,4.07,0.33,7.36,0.5,0.51,0.16,0.56,1.4
965,Shamar Bailey,16.0,11.0,0.0,1.56,0.2,3.91,0.69,1.5,0.33,0.37,0.0
966,Yana Kunitskaya,13.0,5.0,0.0,4.49,0.54,3.17,0.51,2.04,0.53,0.33,0.2
967,Dhiego Lima,17.0,7.0,0.0,2.84,0.4,2.96,0.62,1.66,0.44,0.66,0.8
968,Lauren Murphy,13.0,4.0,0.0,3.88,0.39,3.9,0.63,1.14,0.35,0.67,0.0
969,Alexander Hernandez,11.0,3.0,0.0,3.17,0.38,3.87,0.52,2.15,0.38,0.57,0.0
970,Kenichi Yamamoto,5.0,12.0,2.0,0.3,0.46,1.93,0.38,0.0,0.0,0.1,0.3
971,Brian Johnston,5.0,5.0,0.0,0.0,0.0,0.0,0.0,0.0,0.0,0.0,0.0
972,Nate Diaz,21.0,12.0,0.0,4.62,0.45,3.78,0.53,1.19,0.3,0.42,1.4
973,Trevin Giles,12.0,2.0,0.0,3.61,0.56,1.75,0.63,1.47,1.0,0.73,0.2
974,Paul Felder,17.0,5.0,0.0,3.67,0.43,3.4,0.49,0.25,0.25,0.61,0.2
975,Davi Ramos,10.0,4.0,0.0,2.64,0.37,3.44,0.56,1.95,0.4,0.83,0.6
976,Forrest Griffin,19.0,7.0,0.0,4.38,0.36,2.81,0.61,1.05,0.48,0.57,0.7
977,Hideo Tokoro,34.0,29.0,2.0,1.78,0.37,2.01,0.65,0.87,0.34,0.44,2.3
978,Mirko Filipovic,35.0,11.0,2.0,2.11,0.5,1.89,0.63,0.19,0.4,0.78,0.3
979,Molly McCann,10.0,3.0,0.0,5.75,0.49,4.7,0.66,2.01,0.29,0.33,0.7
980,Leonard Garcia,18.0,13.0,1.0,2.77,0.24,4.79,0.52,0.3,0.26,0.42,0.5
981,Rob McCullough,19.0,8.0,0.0,2.47,0.36,2.84,0.59,0.46,1.0,0.68,0.0
982,Ji Yeon Kim,9.0,3.0,2.0,4.5,0.34,4.94,0.57,0.0,0.0,0.42,0.0
983,Godofredo Pepey,13.0,6.0,0.0,2.32,0.38,3.23,0.47,0.37,0.07,0.35,1.5
984,Jason Miller,23.0,10.0,0.0,1.83,0.43,2.3,0.49,1.31,0.28,0.43,1.3
985,Tomasz Drwal,21.0,5.0,1.0,3.29,0.38,2.26,0.57,3.55,0.6,0.82,0.4
986,Tim Hague,21.0,13.0,0.0,2.79,0.47,4.14,0.46,1.72,0.33,0.85,0.9
987,Tyson Pedro,7.0,3.0,0.0,2.7,0.62,2.55,0.48,0.74,0.25,0.52,1.5
988,Benji Radach,21.0,7.0,0.0,2.62,0.49,2.31,0.51,1.06,0.41,0.71,0.4
989,Edmen Shahbazyan,11.0,1.0,0.0,3.85,0.51,4.31,0.49,4.44,0.4,0.58,0.5
990,Ashlee Evans-Smith,6.0,4.0,0.0,4.86,0.35,4.39,0.57,1.3,0.25,0.72,0.0
991,Forrest Petz,26.0,10.0,0.0,2.27,0.29,2.2,0.57,1.3,1.0,0.66,0.0
992,Joby Sanchez,11.0,4.0,0.0,3.22,0.36,2.82,0.63,0.95,0.71,0.51,0.4
993,Hidehiko Yoshida,6.0,8.0,1.0,1.05,0.36,1.89,0.62,1.09,0.33,0.71,2.2
994,Dan Ige,14.0,3.0,0.0,3.96,0.46,3.36,0.58,1.69,0.27,0.59,0.5
995,Jason High,21.0,6.0,0.0,1.28,0.42,1.56,0.48,2.36,0.63,0.37,2.8
996,Oskar Piechota,11.0,4.0,1.0,3.3,0.52,3.93,0.51,0.61,0.4,0.38,1.5
997,Sarah Moras,6.0,7.0,0.0,2.18,0.38,3.55,0.46,0.77,0.22,0.33,0.9
998,Clay Guida,35.0,17.0,0.0,2.41,0.33,2.52,0.64,3.37,0.38,0.68,0.7
999,Tim Credeur,12.0,4.0,0.0,3.59,0.3,3.13,0.57,0.41,1.0,0.5,3.3
1000,Julio Arce,16.0,4.0,0.0,4.25,0.36,2.87,0.67,0.58,0.3,0.93,0.6
1001,Kevin Holland,18.0,5.0,0.0,4.65,0.55,2.69,0.58,1.12,0.43,0.51,1.0
1002,Quinton Jackson,37.0,12.0,0.0,3.25,0.54,2.51,0.55,1.52,0.56,0.73,0.1
1003,Tae Hyun Bang,18.0,10.0,0.0,2.72,0.38,2.07,0.66,0.49,0.33,0.57,0.5
1004,Rafaello Oliveira,17.0,8.0,0.0,2.19,0.33,3.38,0.59,2.49,0.36,0.11,1.6
1005,Tim Boetsch,21.0,13.0,0.0,2.93,0.5,2.9,0.57,1.45,0.34,0.59,0.8
1006,Jingliang Li,17.0,6.0,0.0,4.51,0.42,3.69,0.59,1.32,0.39,0.59,0.0
1007,Cortney Casey,9.0,8.0,0.0,4.4,0.38,4.31,0.53,0.31,0.3,0.37,0.6
1008,Daniel Kelly,13.0,4.0,0.0,3.62,0.38,4.64,0.61,1.86,0.34,0.78,0.3
1009,Tony Ferguson,26.0,4.0,0.0,5.8,0.45,4.04,0.59,0.49,0.42,0.75,1.2
1010,Justin Wilcox,14.0,7.0,0.0,3.82,0.28,2.63,0.71,1.43,0.16,1.0,0.0
1011,Merab Dvalishvili,12.0,4.0,0.0,3.91,0.39,2.08,0.61,7.71,0.43,0.8,0.3
1012,Billy Evangelista,13.0,3.0,0.0,4.51,0.4,3.96,0.61,1.6,0.19,0.61,0.2
1013,Drakkar Klose,11.0,2.0,1.0,3.89,0.53,3.64,0.53,1.56,0.3,0.68,0.0
1014,Jared Rosholt,14.0,4.0,0.0,2.08,0.46,1.52,0.59,1.83,0.41,0.66,0.1
1015,Sean Spencer,12.0,6.0,0.0,4.24,0.32,4.02,0.6,0.14,0.33,0.68,0.0
1016,Jonathan Brookins,16.0,10.0,0.0,2.69,0.39,3.63,0.56,1.94,0.17,0.8,0.3
1017,Paul Varelans,9.0,9.0,0.0,0.0,0.0,0.0,0.0,0.0,0.0,0.0,0.0
1018,Eryk Anders,13.0,5.0,0.0,3.02,0.45,4.18,0.51,1.34,0.34,0.8,0.1
1019,Pete Spratt,25.0,23.0,0.0,1.63,0.48,1.33,0.55,0.3,1.0,0.46,0.3
1020,Francis Ngannou,15.0,3.0,0.0,2.23,0.37,2.03,0.47,0.0,0.0,0.71,0.5
1021,Paul Taylor,11.0,6.0,1.0,4.44,0.47,4.47,0.55,0.27,0.25,0.56,0.5
1022,Aaron Riley,30.0,14.0,1.0,3.45,0.34,3.78,0.61,1.18,0.34,0.6,0.1
1023,Chris Clements,12.0,6.0,0.0,3.2,0.49,2.37,0.44,0.0,0.0,0.32,0.3
1024,Kailin Curran,4.0,5.0,0.0,3.89,0.43,4.75,0.53,2.0,0.57,0.61,0.6
1025,Felipe Arantes,18.0,10.0,1.0,2.37,0.45,2.66,0.64,0.93,0.47,0.41,0.7
1026,Cezar Ferreira,13.0,8.0,0.0,1.9,0.42,2.44,0.53,2.69,0.53,0.84,0.5
1027,Russell Doane,15.0,8.0,0.0,1.75,0.4,1.68,0.53,2.11,0.45,0.52,0.8
1028,Wesley Correira,20.0,16.0,0.0,2.6,0.36,8.8,0.4,0.0,0.0,0.9,0.0
1029,Yuki Kondo,60.0,33.0,9.0,1.14,0.42,2.57,0.51,0.76,0.41,0.37,0.5
1030,Tom Watson,17.0,9.0,0.0,4.01,0.44,4.41,0.5,0.15,0.07,0.43,0.0
1031,Marius Zaromskis,20.0,9.0,0.0,5.02,0.34,5.93,0.5,0.73,0.42,0.73,0.0
1032,Tim Elliott,17.0,11.0,1.0,3.5,0.45,2.64,0.59,4.02,0.48,0.58,1.2
1033,Misha Cirkunov,15.0,5.0,0.0,4.18,0.52,2.89,0.62,4.42,0.57,0.71,2.4
1034,Eric Shelton,12.0,6.0,0.0,2.57,0.42,1.88,0.63,2.83,0.51,0.46,0.2
1035,Vaughan Lee,14.0,13.0,1.0,3.47,0.47,2.07,0.7,0.81,0.33,0.72,1.0
1036,Johnny Walker,17.0,5.0,0.0,4.01,0.7,3.58,0.3,0.43,1.0,0.69,1.3
1037,Lina Lansberg,10.0,5.0,0.0,2.76,0.57,3.7,0.44,0.71,0.33,0.5,0.1
1038,Anthony Ruiz,33.0,22.0,0.0,2.56,0.64,1.67,0.28,1.43,0.31,0.21,0.0
